Name,Description,Latitude,Longitude,Cluster
African Safari (Oita),"Animals & Aquariums · Usa, Oita · with kids

Open in Google Maps: https://www.google.com/maps/place/?q=place_id:ChIJLyzRYCWoRjURzQqJ-wBenm8",33.3509251,131.4137658,Animals
Akita Citizen's Market (秋田市民市場),"Food & Markets · Akita, Akita

Open in Google Maps: https://www.google.com/maps/place/?q=place_id:ChIJU1rBPe3Cj18RJNUNL1YYW84",39.714787099999995,140.1257678,Food markets
Akiyoshidai area base,"Base Town · Akiyoshidai, Yamaguchi

Open in Google Maps: https://www.google.com/maps/place/?q=place_id:ChIJDUdL20ueRDURs0VOgpDzJ2U",34.2540507,131.3043183,
Akiyoshidai Karst Plateau (秋吉台),"Caves & Karst · Mine, Yamaguchi

Open in Google Maps: https://www.google.com/maps/place/?q=place_id:ChIJqzN9Kpl8QzURKj4EnnNsBTs",34.234894,131.3058647,Nature
Akiyoshidai Safari Land (秋吉台サファリランド),"Animals & Safari · Mine, Yamaguchi · with kids

Open in Google Maps: https://www.google.com/maps/place/?q=place_id:ChIJ-ak6k2KfRDURJwSX77xNgkE",34.284681899999995,131.3317588,Animals
Akiyoshido Cave,"Nature & Water · Mine, Yamaguchi

Open in Google Maps: https://www.google.com/maps/place/?q=place_id:ChIJZ-WH63OeRDURTHdZ21gYFRc",34.2281082,131.3035348,Nature
Amaterasu Railway (あまてらす鉄道),"Scenic Train / Transit · Takachiho, Miyazaki · day trips

Open in Google Maps: https://www.google.com/maps/place/?q=place_id:ChIJm4-IbJMsRzURwKu5OAICVDg",32.714675,131.306904,Scenic transport
American Village (Mihama) + Sunset Beach,"Views & Sunsets · Okinawa

Open in Google Maps: https://www.google.com/maps/place/?q=place_id:ChIJzZoVCAUT5TQRzIueHYt83hs",26.3158799,127.75400769999999,Scenic
Angel Road (tide path),"Nature & Water · Shodoshima, Kagawa

Open in Google Maps: https://www.google.com/maps/place/?q=place_id:ChIJISiqLJiJUzUREqZM0_6o3jM",34.4781355,134.18876590000002,Nature
Animate Ikebukuro,"Anime · 1-chōme-20-7 Higashiikebukuro, Toshima City · rainy day · day trips

Open in Google Maps: https://www.google.com/maps/place/?q=place_id:ChIJi0VhQ2-NGGARGsbajebyPVA",35.7311443,139.7154592,Anime
Aomori Furukawa Fish Market (青森魚菜センター),"Food & Markets · Aomori, Aomori

Open in Google Maps: https://www.google.com/maps/place/?q=place_id:ChIJ3bJcqB6fm18RruCZ6EBTv-Q",40.8258967,140.7359117,Food markets
% Arabica Kyoto Arashiyama,"Cafes · Kyoto · rainy day · day trips

Open in Google Maps: https://www.google.com/maps/place/?q=place_id:ChIJCWDv__-pAWARwLeeqs_cVew",35.013542199999996,135.6764367,Cafes
Arari Beach (安良里海水浴場),"Beaches & Tidepooling · Nishiizu, Shizuoka

Open in Google Maps: https://www.google.com/maps/place/?q=place_id:ChIJCzWdgj33GWARsqqabuC7nyE",34.8298772,138.7678195,Nature
Arashiyama Bamboo Grove,"Nature & Water · Arashiyama (Kyoto), Kyoto

Open in Google Maps: https://www.google.com/maps/place/?q=place_id:ChIJrYtcv-urAWAR3XzWvXv8n_s",35.0168187,135.67130129999998,Nature
Arashiyama Monkey Park Iwatayama,"Animals & Aquariums · Kyoto · with kids

Open in Google Maps: https://www.google.com/maps/place/?q=place_id:ChIJvUn7bqsAAWARsjQHQ7CTNBs",35.011395,135.6766245,Animals
Arita Pottery Town (porcelain making/painting),"Crafts & Making · Arita, Saga

Open in Google Maps: https://www.google.com/maps/place/?q=place_id:ChIJA3svF2SbajURZ-s8eiFJxf0",33.1898103,129.897975,Workshops & crafts
Art Aquarium Ginza,"Quirky museums · Ginza, Tokyo · rainy day

Open in Google Maps: https://www.google.com/maps/place/?q=place_id:ChIJ6UVSHl2JGGARDurMrMPwvdk",35.6713698,139.7657375,Quirky museums
Asa Zoological Park,"Animals & Aquariums · Hiroshima City, Hiroshima · with kids

Open in Google Maps: https://www.google.com/maps/place/?q=place_id:ChIJcRcMasibWjURFLQlntJhW9w",34.4966552,132.442486,Animals
Asahiyama Zoo,"Animals & Aquariums · Asahikawa, Hokkaido · with kids

Open in Google Maps: https://www.google.com/maps/place/?q=place_id:ChIJyyPgtczgDF8R01OoHb3cJcg",43.7689713,142.4791319,Animals
Ashikaga Flower Park,"Anime · 607 Hasamachō, Ashikaga · with kids · day trips

Open in Google Maps: https://www.google.com/maps/place/?q=place_id:ChIJ0-3eEKkkH2ARQ8C5Jl8PGmM",36.3141561,139.5200222,Anime
Aso Farm/Farm Experience (kid-friendly),"Animals & Aquariums · Aso, Kumamoto · with kids

Open in Google Maps: https://www.google.com/maps/place/?q=place_id:ChIJS1XsfQXfQDURQprP2bbWpQI",32.8983225,131.006757,Animals
Asobeach at Umitamago (あそびーち),"Beaches & Animal Encounters · Oita, Oita · with kids

Open in Google Maps: https://www.google.com/maps/place/?q=place_id:ChIJFYMjIpOhRjURuaKTWegv_K8",33.2587468,131.535563,Animals
Atagawa Tropical & Alligator Garden (熱川バナナワニ園),"Animals & Aquariums · Higashiizu, Shizuoka · with kids

Open in Google Maps: https://www.google.com/maps/place/?q=place_id:ChIJS2hAldjdGWARswejH6WHeR0",34.816181199999995,139.0678711,Animals
Atami (Onsen + beach town base),"Base Town · Atami, Shizuoka

Open in Google Maps: https://www.google.com/maps/place/?q=place_id:ChIJVd9Upy2_GWARfIDGzmBDBh4",35.098029,139.0767083,
Awa Odori Kaikan,"Culture & History · Tokushima City, Tokushima

Open in Google Maps: https://www.google.com/maps/place/?q=place_id:ChIJ89HG-6NyUzURLaL2S3m6Exc",34.070163799999996,134.5449903,Culture & history
Beppu “Hells” + Onsen Town,"Onsen & Ryokan Towns · Beppu, Oita

Open in Google Maps: https://www.google.com/maps/place/?q=place_id:ChIJOaW8YLmnRjUR8hDZNS3N3Is",33.315883299999996,131.4696745,Onsen & ryokan
Beppu ‘Hells’ (Jigoku Meguri),"Nature & Water · Beppu, Oita Prefecture (multiple sites)

Open in Google Maps: https://www.google.com/maps/place/?q=place_id:ChIJOaW8YLmnRjUR8hDZNS3N3Is",33.315883299999996,131.4696745,Nature
Beppu (別府) – onsen base,"Base Town · Beppu, Oita

Open in Google Maps: https://www.google.com/maps/place/?q=place_id:ChIJ9Q02usSnRjURxTtsoDDVjw8",33.276246500000006,131.49752949999998,
Biei Patchwork Road (scenic countryside),"Nature & Water · Biei, Hokkaido

Open in Google Maps: https://www.google.com/maps/place/?q=place_id:ChIJd9Pr7vPFDF8RHO34QlpJINs",43.6306405,142.42831719999998,Nature
Bise Fukugi Tree Road,"Nature & Water · Motobu, Okinawa

Open in Google Maps: https://www.google.com/maps/place/?q=place_id:ChIJ6z_osjv65DQRNpoSOgG1iqM",26.701587399999998,127.88022469999999,Nature
"Blue Cave Snorkel (guided, optional)","Nature & Water · Onna, Okinawa

Open in Google Maps: https://www.google.com/maps/place/?q=place_id:ChIJFSBnObgb5TQRQA1ByAocZog",26.442597700000004,127.77346619999997,Nature
Bunka Yokocho (文化横丁),"Food & Markets · Sendai, Miyagi

Open in Google Maps: https://www.google.com/maps/place/?q=place_id:ChIJB5rnyT0oil8RwyBRF6T7xZ0",38.258959,140.8725576,Food markets
Cafe Reissue Harajuku,"Cafes · 3-chōme-25-7 Jingūmae, Shibuya · rainy day · day trips

Open in Google Maps: https://www.google.com/maps/place/?q=place_id:ChIJfyW8OaOMGGARiYF53TCqEsM",35.6711763,139.7079583,Cafes
Capcom Store Shibuya,"Anime · Tokyo · rainy day · day trips

Open in Google Maps: https://www.google.com/maps/place/?q=place_id:ChIJt_x0kJONGGAR_dV1qzZpRTU",35.661952299999996,139.6989013,Anime
Cape Ashizuri,"Views & Sunsets · Tosashimizu, Kochi

Open in Google Maps: https://www.google.com/maps/place/?q=place_id:ChIJS3tivH0tTzURixZtihoWYC4",32.7238386,133.0203158,Scenic
Cape Manzamo,"Views & Sunsets · Onna, Okinawa

Open in Google Maps: https://www.google.com/maps/place/?q=place_id:ChIJ-adBh3gD5TQRGFnnzG897N8",26.5052353,127.85047809999999,Scenic
Chapucha Water Play Area (ちゃぷちゃ) – Kijima Kogen,"Parks & Water Play · Beppu, Oita · with kids

Open in Google Maps: https://www.google.com/maps/place/?q=place_id:ChIJMcZsw0OvRjURr7x2AHd8FAM",33.2642753,131.4268067,Parks
Chirihama Nagisa Driveway,"Views & Sunsets · Hakui, Ishikawa

Open in Google Maps: https://www.google.com/maps/place/?q=place_id:ChIJRzLnlg5m918RD4J00Jaldd0",36.865476199999996,136.7582922,Scenic
Crea Base Oshiage,"Workshops & crafts · Sumida City, Mukōjima · rainy day · with kids · day trips

Open in Google Maps: https://www.google.com/maps/place/?q=place_id:ChIJUSPJXeiPGGARv9h0cKNqQmI",35.715443799999996,139.81432669999998,Workshops & crafts
Cup Noodles Museum Osaka Ikeda,"Crafts & Making · Ikeda, Osaka

Open in Google Maps: https://www.google.com/maps/place/?q=place_id:ChIJp2oJD8bwAGARqttJH_AeWA4",34.8178846,135.4266442,Workshops & crafts
Cup Noodles Museum Yokohama,"Quirky museums · Yokohama, Kanagawa · with kids · rainy day

Open in Google Maps: https://www.google.com/maps/place/?q=place_id:ChIJ3ZNhe1dcGGARvjq5QHdmaHM",35.4554755,139.63886689999998,Quirky museums
Cycle Sports Center (サイクルスポーツセンター),"Parks & Playgrounds · Shizuoka · with kids

Open in Google Maps: https://www.google.com/maps/place/?q=place_id:ChIJ7ZdE5c3qGWARe2rW57pHwmc",35.0104551,139.0149349,Parks
Daimaru Tokyo (Depachika) (大丸東京店),"Food & Markets · Tokyo, Tokyo

Open in Google Maps: https://www.google.com/maps/place/?q=place_id:ChIJtxODuv6LGGARGHePjyb8m-0",35.6814742,139.76892859999998,Food markets
Daio Wasabi Farm,"Food & Markets · Azumino, Nagano

Open in Google Maps: https://www.google.com/maps/place/?q=place_id:ChIJfb1xXaNtHWARAFcGsnrPrdg",36.3392598,137.9084423,Food markets
Dazaifu Tenmangu (short visit),"Culture & History · Dazaifu, Fukuoka

Open in Google Maps: https://www.google.com/maps/place/?q=place_id:ChIJzfvrKp-bQTURl65fp6vRJLg",33.5213697,130.5348239,Culture & history
DMM Kariyushi Aquarium,"Animals & Aquariums · Tomigusuku, Okinawa · rainy day · with kids

Open in Google Maps: https://www.google.com/maps/place/?q=place_id:ChIJx5aUc7Rp5TQRd7FStKxoa24",26.1563877,127.65067819999997,Animals
Dogashima Marine Cave Cruise (堂ヶ島遊覧船),"Sea Caves & Coastal Features · Nishiizu, Shizuoka

Open in Google Maps: https://www.google.com/maps/place/?q=place_id:ChIJxfGsjHL3GWARF7wxDSd8hQ0",34.7819181,138.76736,Nature
Dogashima (Coast/caves base),"Base Town · Nishiizu, Shizuoka

Open in Google Maps: https://www.google.com/maps/place/?q=place_id:ChIJf0FkCHP3GWARWjRcnTo-1MM",34.7827086,138.7661468,
Dogo Onsen,"Onsen & Ryokan Towns · Matsuyama, Ehime

Open in Google Maps: https://www.google.com/maps/place/?q=place_id:ChIJ84F-kHjmTzURebGHHI1YWXw",33.8520748,132.7864098,Onsen & ryokan
Echizen Pottery Village,"Workshops & crafts · Echizen, Nyu District · rainy day

Open in Google Maps: https://www.google.com/maps/place/?q=place_id:ChIJd3z-VFWy-F8RXtU_oQ0TzjI",35.933875199999996,136.0608408,Workshops & crafts
Echizen Washi Village,"Workshops & crafts · Fukui · rainy day

Open in Google Maps: https://www.google.com/maps/place/?q=place_id:ChIJ1XGJrSyp-F8ReW1vYGvz7Kg",35.9109839,136.2447556,Workshops & crafts
Edo-Tokyo Open Air Architectural Museum,"Culture & History · Koganei, Tokyo · rainy day

Open in Google Maps: https://www.google.com/maps/place/?q=place_id:ChIJh5F6GpuNGGARZ6dHiggrfyQ",35.7155722,139.5125434,Culture & history
Edo Wonderland Nikko Edomura,"Theme Parks & Big Attractions · Tochigi · with kids

Open in Google Maps: https://www.google.com/maps/place/?q=place_id:ChIJZWyJwnifH2ARoJVAqbtWNBg",36.7908146,139.6973346,Theme parks
Emerald Beach,"Nature & Water · Motobu, Okinawa

Open in Google Maps: https://www.google.com/maps/place/?q=place_id:ChIJk4Fw-Dn65DQRkdNLoaBpJLI",26.6991832,127.8775903,Nature
Enoshima Island Day,"Nature & Water · Enoshima (Fujisawa), Kanagawa

Open in Google Maps: https://www.google.com/maps/place/?q=place_id:ChIJ65cDn-ZOGGARFgJbe_VZoPo",35.3000228,139.4807831,Nature
Farm Tomita (Lavender/Flower Fields),"Views & Sunsets · Furano, Hokkaido

Open in Google Maps: https://www.google.com/maps/place/?q=place_id:ChIJdzcW1F2zDF8Rkm1ghwLPbbc",43.4182493,142.4280407,Scenic
Fuji Five Lakes (Kawaguchiko),"Views & Sunsets · Kawaguchiko, Yamanashi

Open in Google Maps: https://www.google.com/maps/place/?q=place_id:ChIJwdemCVNnGWARps2x6KVUvRo",35.4879732,138.8071867,Scenic
Fuji-Q Highland,"Theme Parks & Big Attractions · Yamanashi · with kids

Open in Google Maps: https://www.google.com/maps/place/?q=place_id:ChIJL7jIyupgGWARMDfArSEwykc",35.4869467,138.7805511,Theme parks
Fujiko F. Fujio Museum,"Quirky museums · Tama Ward, Kawasaki · rainy day · with kids · day trips

Open in Google Maps: https://www.google.com/maps/place/?q=place_id:ChIJCTNbYSvxGGARhT9-j573B_c",35.6099229,139.5735723,Quirky museums
Fukuoka (福岡) – city base,"Base Town · Fukuoka, Fukuoka

Open in Google Maps: https://www.google.com/maps/place/?q=place_id:ChIJySWOgNGPQTUR6AMxFgsHoo8",33.6251288,130.4475615,
Fukuyama (福山) – city base,"Base Town · Fukuyama, Hiroshima

Open in Google Maps: https://www.google.com/maps/place/?q=place_id:ChIJM0QQmrwQUTURtwFn4wbERQk",34.4859845,133.36242389999998,
Fushimi Inari Taisha (short loop),"Culture & History · Fushimi (Kyoto), Kyoto

Open in Google Maps: https://www.google.com/maps/place/?q=place_id:ChIJIW0uPRUPAWAR6eI6dRzKGns",34.9676945,135.7791876,Culture & history
Ganso Sapporo Ramen Yokocho (元祖札幌ラーメン横丁),"Food & Markets · Sapporo, Hokkaido

Open in Google Maps: https://www.google.com/maps/place/?q=place_id:ChIJSyzMXY8pC18R-ecCwIykpC8",43.0547934,141.35429159999998,Food markets
Geibikei Gorge Boat,"Nature & Water · Ichinoseki, Iwate

Open in Google Maps: https://www.google.com/maps/place/?q=place_id:ChIJVzuqtKbIiF8R5KpNvZcXDXk",38.9894482,141.2554516,Nature
Gesashi Bay Mangrove Kayak,"Nature & Water · Higashi, Okinawa

Open in Google Maps: https://www.google.com/maps/place/?q=place_id:ChIJCYdC79RR5DQRJlHl8so4uhY",26.601786399999998,128.14206149999998,Nature
Ghibli Museum,"Anime · Mitaka, Tokyo · with kids · rainy day

Open in Google Maps: https://www.google.com/maps/place/?q=place_id:ChIJLYwD5TTuGGARBZKEP5BV4U0",35.696238,139.5704317,Anime
Ghibli Park,"Anime/Ghibli · Aichi Earth Expo Memorial Park, Nagakute, Aichi · with kids

Open in Google Maps: https://www.google.com/maps/place/?q=place_id:ChIJs9ADAkVnA2ARixLFaXpLFjY",35.1750406,137.0887716,Anime
Gintengai Shopping Arcade (銀天街商店街),"Food & Markets · Matsuyama, Ehime

Open in Google Maps: https://www.google.com/maps/place/?q=place_id:ChIJG9UKhIzlTzURpxhzVxVlrX4",33.8360736,132.7641179,Food markets
Ginzan Onsen Town Walk,"Onsen & Ryokan Towns · Obanazawa, Yamagata

Open in Google Maps: https://www.google.com/maps/place/?q=place_id:ChIJwwpUB9BdiV8RkkV8C3gQ2S4",38.571984,140.528755,Onsen & ryokan
Ginzan Onsen,"Onsen & ryokan · Ginzanshinhata, Obanazawa

Open in Google Maps: https://www.google.com/maps/place/?q=place_id:ChIJ7SNY19pdiV8RIRfQXnlYhtk",38.5706177,140.5305457,Onsen & ryokan
Gion Evening Stroll (early dinner),"Culture & History · Kyoto, Kyoto

Open in Google Maps: https://www.google.com/maps/place/?q=place_id:ChIJ8dlnc-oIAWARMw3PidOJz1w",35.0055264,135.77452979999998,Culture & history
Glover Garden,"Culture & History · Nagasaki City, Nagasaki

Open in Google Maps: https://www.google.com/maps/place/?q=place_id:ChIJ34BEgoRTFTURm9sPe3FbyOs",32.734331399999995,129.8691886,Culture & history
Gorilla Building,"Scenic · Sangenjaya, Tokyo

Open in Google Maps: https://www.google.com/maps/place/?q=place_id:ChIJVf818KvzGGARw4xSoCT1ehc",35.6475857,139.6691456,Scenic
Goshikinuma (Five Colored Ponds),"Nature & Water · Urabandai, Fukushima

Open in Google Maps: https://www.google.com/maps/place/?q=place_id:ChIJhRiLhGu7il8Rc4YBYXHnJwc",37.6508749,140.0732012,Nature
Gosho Aoyama Manga Factory,"Anime · Hokuei, Yurashuku

Open in Google Maps: https://www.google.com/maps/place/?q=place_id:ChIJ89kHhMh1VjURfy7KxXz4Wy8",35.498031999999995,133.76180979999998,Anime
Gotokuji Temple,"Culture & history · Setagaya, Tokyo

Open in Google Maps: https://www.google.com/maps/place/?q=place_id:ChIJVVUBmZ_zGGARrEy-Ua3psAY",35.6488124,139.647481,Culture & history
Gyokuhokan,"Onsen & ryokan · Kawazu, Kamo District

Open in Google Maps: https://www.google.com/maps/place/?q=place_id:ChIJido4chPhGWARTzjcFXsqGv4",34.7569319,138.98277149999998,Onsen & ryokan
Hachinohe Miroku Yokocho (みろく横丁),"Food & Markets · Hachinohe, Aomori

Open in Google Maps: https://www.google.com/maps/place/?q=place_id:ChIJHY6HIOtTm18RvsXq7Ew3mfw",40.5092426,141.49087020000002,Food markets
Hachinohe Morning Market (八戸館鼻岸壁朝市),"Food & Markets · Hachinohe, Aomori

Open in Google Maps: https://www.google.com/maps/place/?q=place_id:ChIJfSB2nM1Tm18R291Tudad54c",40.5278596,141.5294053,Food markets
Hakkoda Ropeway,"Trains & Scenic Transport · Aomori City, Aomori · day trips

Open in Google Maps: https://www.google.com/maps/place/?q=place_id:ChIJk7v5t6cNm18RhPWSRI3ZtXA",40.6807904,140.8316987,Scenic transport
Hakodate Morning Market,"Food & Markets · Hakodate, Hokkaido

Open in Google Maps: https://www.google.com/maps/place/?q=place_id:ChIJ9Th38KHznl8RlR8a2ny1fuQ",41.7724585,140.7256912,Food markets
Hakone Open-Air Museum,"Quirky & Interactive Museums · Hakone, Kanagawa · rainy day · with kids

Open in Google Maps: https://www.google.com/maps/place/?q=place_id:ChIJMfOWowSiGWARX2wK6ac5jlg",35.2451601,139.0507271,Quirky museums
Hakone Ropeway & Owakudani,"Trains & Scenic Transport · Hakone, Kanagawa · day trips

Open in Google Maps: https://www.google.com/maps/place/?q=place_id:EkxIYWtvbmUgUm9wZXdheSwgU2VuZ29rdWhhcmEsIEhha29uZSwgQXNoaWdhcmFzaGltbyBEaXN0cmljdCwgS2FuYWdhd2EsIEphcGFuIi4qLAoUChIJY2br3DCfGWARMDFegqz4huQSFAoSCWXijBY3nxlgEdjA_i9fR0aE",35.2443674,139.0190448,Scenic transport
Hakone Sightseeing Cruise (Lake Ashi ‘Pirate Ship’),"Nature & Water · Lake Ashi area, Hakone, Kanagawa (multiple piers)

Open in Google Maps: https://www.google.com/maps/place/?q=place_id:ChIJuSzGc2mYGWARcHDoWGHTLws",35.189992499999995,139.0245259,Nature
Hankyu Umeda (Depachika) (阪急うめだ本店),"Food & Markets · Osaka, Osaka

Open in Google Maps: https://www.google.com/maps/place/?q=place_id:ChIJ67mcWJLmAGARrUf0FlFtm7w",34.7028186,135.4985323,Food markets
Harmonica Yokocho (ハモニカ横丁),"Food & Markets · Kichijoji, Tokyo

Open in Google Maps: https://www.google.com/maps/place/?q=place_id:ChIJ92lO50fuGGARTB6NNcy_abk",35.7036787,139.5792734,Food markets
Harmonyland,"Theme parks · Hiji, Fujiwara · with kids

Open in Google Maps: https://www.google.com/maps/place/?q=place_id:ChIJPUDZCxYZRDURfVQ6VUealRU",33.4001589,131.5468003,Theme parks
Hida Folk Village (Hida no Sato),"Culture & History · Takayama, Gifu

Open in Google Maps: https://www.google.com/maps/place/?q=place_id:ChIJmWTYrzm7AmARRPwmwmCypNY",36.1324902,137.2350898,Culture & history
Himeji Castle,"Culture & History · Himeji, Hyogo

Open in Google Maps: https://www.google.com/maps/place/?q=place_id:ChIJsyQzogPgVDURsYG6bi-MT3o",34.839449,134.6939047,Culture & history
Hirome Market (food hall),"Food & Markets · Kochi City, Kochi

Open in Google Maps: https://www.google.com/maps/place/?q=place_id:ChIJ1w_oDToZTjUR3QutG7QRnZk",33.560116,133.53593700000002,Food markets
Hirosaki Castle Park,"Culture & History · Hirosaki, Aomori

Open in Google Maps: https://www.google.com/maps/place/?q=place_id:ChIJSR1LG8QBm18R_BX_sDB1Kxs",40.6077066,140.46436749999998,Culture & history
Hiroshima Peace Memorial Park (parent-led),"Culture & History · Hiroshima City, Hiroshima

Open in Google Maps: https://www.google.com/maps/place/?q=place_id:ChIJgzAzVG2iWjURZRZ1udXOKeE",34.3926867,132.4522012,Culture & history
Hitachi Seaside Park,"Nature & Water · Hitachinaka, Ibaraki

Open in Google Maps: https://www.google.com/maps/place/?q=place_id:ChIJQURehB2LIWAR4fDmA-odfnY",36.405864,140.59648679999998,Nature
Hozenji Yokocho (法善寺横丁),"Food & Markets · Osaka, Osaka

Open in Google Maps: https://www.google.com/maps/place/?q=place_id:ChIJY4ZQxRTnAGAR0mjfWQwO7ho",34.6681187,135.50261039999998,Food markets
Huis Ten Bosch,"Theme Parks & Big Attractions · Nagasaki · with kids

Open in Google Maps: https://www.google.com/maps/place/?q=place_id:ChIJvc-zbma9ajUR93iHfUJ7Jm8",33.0897198,129.79189209999998,Theme parks
Ikuchijima (生口島) – island base,"Base Town · Ikuchijima, Hiroshima

Open in Google Maps: https://www.google.com/maps/place/?q=place_id:ChIJGcS-kjxSUDURL2YchlAO1CU",34.2928324,133.1068632,
Imabari (今治) – Shimanami base,"Base Town · Imabari, Ehime

Open in Google Maps: https://www.google.com/maps/place/?q=place_id:ChIJ0WPS9xk7UDURgnebH3j594E",34.084813499999996,132.99364400000002,
Imazu Sports Park (今津運動公園),"Parks & Playgrounds · Nishi Ward, Fukuoka · with kids

Open in Google Maps: https://www.google.com/maps/place/?q=place_id:ChIJ2xdiRnPsQTURKqBwMQqfGyo",33.605609099999995,130.2474208,Parks
Inokashira Park & Zoo,"Animals & Aquariums · Mitaka, Tokyo · with kids

Open in Google Maps: https://www.google.com/maps/place/?q=place_id:ChIJLRZy90ruGGAR7AqksIECQr8",35.7007724,139.5727436,Animals
Iriomote Mangrove Cruise,"Nature & Water · Iriomote, Okinawa

Open in Google Maps: https://www.google.com/maps/place/?q=place_id:ChIJXelw6aF8YDQRZSsQKk58ztU",24.271752300000003,123.88291579999999,Nature
Iroha Yokocho (壱弐参横丁),"Food & Markets · Sendai, Miyagi

Open in Google Maps: https://www.google.com/maps/place/?q=place_id:ChIJ-4FBlT0oil8Rncgx1FIr95U",38.258651,140.873541,Food markets
Isetan Kyoto (Depachika) (ジェイアール京都伊勢丹),"Food & Markets · Kyoto, Kyoto

Open in Google Maps: https://www.google.com/maps/place/?q=place_id:ChIJu_u7564IAWAR59CKVpnyvOE",34.9858646,135.7569987,Food markets
Isetan Shinjuku (Depachika) (伊勢丹新宿店),"Food & Markets · Shinjuku, Tokyo

Open in Google Maps: https://www.google.com/maps/place/?q=place_id:ChIJ9ztrpduMGGARte1BM8ccdIs",35.691573999999996,139.7046466,Food markets
Island City Central Park (アイランドシティ中央公園),"Parks & Playgrounds · Higashi Ward, Fukuoka · with kids

Open in Google Maps: https://www.google.com/maps/place/?q=place_id:ChIJMYaeoMKOQTURA2-QTJHpJs4",33.6634538,130.42105089999998,Parks
Ito Marine Town (道の駅 伊東マリンタウン),"Parks & Playgrounds · Ito, Shizuoka · with kids

Open in Google Maps: https://www.google.com/maps/place/?q=place_id:ChIJkzxTVG7BGWARxBBjqi5fjvo",34.9853519,139.0942644,Parks
Ito (Beach + onsen town base),"Base Town · Ito, Shizuoka

Open in Google Maps: https://www.google.com/maps/place/?q=place_id:ChIJJVq_MtbDGWAR6N4oj2scZt0",34.9755556,139.0961111,
Itoshima (糸島) – beach day trips,"Base Town · Itoshima, Fukuoka

Open in Google Maps: https://www.google.com/maps/place/?q=place_id:ChIJ0SFHqpDnQTURfh5IheuZbd0",33.5854917,130.1083528,
Iya Valley Vine Bridge (Kazurabashi),"Nature & Water · Miyoshi, Tokushima

Open in Google Maps: https://www.google.com/maps/place/?q=place_id:ChIJEdgLLuUnUjUR691uAvUAg0U",33.8751331,133.8353996,Nature
Iyotetsu Takashimaya (Depachika) (いよてつ髙島屋),"Food & Markets · Matsuyama, Ehime

Open in Google Maps: https://www.google.com/maps/place/?q=place_id:ChIJm6z3j4vlTzUR_aFRaneiFDo",33.8354813,132.7629182,Food markets
Izu Animal Kingdom (伊豆アニマルキングダム),"Animals & Aquariums · Higashiizu, Shizuoka · with kids

Open in Google Maps: https://www.google.com/maps/place/?q=place_id:ChIJBXTcp6ngGWARLAHBi6Y2A2M",34.7967222,139.0396972,Animals
Izu Granpal Park (伊豆ぐらんぱる公園),"Parks & Playgrounds · Ito, Shizuoka · with kids

Open in Google Maps: https://www.google.com/maps/place/?q=place_id:ChIJwdrSa6rcGWARb9A2QCfMITg",34.905627300000006,139.1214403,Parks
Izu Kogen (Coastal plateau base),"Base Town · Ito, Shizuoka

Open in Google Maps: https://www.google.com/maps/place/?q=place_id:ChIJPz5bHGnbGWARzDROk5rcW8I",34.8910482,139.1399205,
Izu-Nagaoka (Onsen area base),"Base Town · Izunokuni, Shizuoka

Open in Google Maps: https://www.google.com/maps/place/?q=place_id:ChIJT50LSbCTGWARGhm5fMHWeRM",35.0265687,138.9283906,
Izu Shaboten Zoo (伊豆シャボテン動物公園),"Animals & Aquariums · Ito, Shizuoka · with kids

Open in Google Maps: https://www.google.com/maps/place/?q=place_id:ChIJ3cyF2zbDGWARKTSzSm4Er10",34.907125799999996,139.10088389999999,Animals
Izumo Taisha,"Culture & History · Izumo, Shimane

Open in Google Maps: https://www.google.com/maps/place/?q=place_id:ChIJPRlWKpRcVzUR74S6_K5qanA",35.4018692,132.6854693,Culture & history
Jigokudani Monkey Park (Snow Monkeys),"Animals & Aquariums · Nagano · with kids

Open in Google Maps: https://www.google.com/maps/place/?q=place_id:ChIJzyCiTOzzHWARH9aN73OLTfY",36.732685599999996,138.4621364,Animals
Jodogahama Beach,"Nature & Water · Miyako, Iwate

Open in Google Maps: https://www.google.com/maps/place/?q=place_id:ChIJjzxoNk_LhV8RPThjzhcFfqo",39.6522818,141.97876209999998,Nature
Jogasaki Coast (城ヶ崎海岸),"Nature Walks & Views · Ito, Shizuoka

Open in Google Maps: https://www.google.com/maps/place/?q=place_id:ChIJPz5bHGnbGWARzDROk5rcW8I",34.8910482,139.1399205,Nature
Jozankei Onsen,"Onsen & Ryokan Towns · Jozankei (Sapporo), Hokkaido

Open in Google Maps: https://www.google.com/maps/place/?q=place_id:ChIJWSzGYeTNCl8Rg9358MGnJwo",42.9541269,141.1515023,Onsen & ryokan
JR Nagoya Takashimaya (Depachika) (ジェイアール名古屋タカシマヤ),"Food & Markets · Nagoya, Aichi

Open in Google Maps: https://www.google.com/maps/place/?q=place_id:ChIJ_zIUlSd3A2ARsDK_g3Ov14M",35.170913999999996,136.8831799,Food markets
Jump Shop Shibuya,"Anime · Shibuya, Udagawachō · rainy day · day trips

Open in Google Maps: https://www.google.com/maps/place/?q=place_id:ChIJV_4GNbONGGARfazAKoc5YY4",35.661834299999995,139.69877599999998,Anime
Kabira Bay (Ishigaki),"Nature & Water · Ishigaki, Okinawa

Open in Google Maps: https://www.google.com/maps/place/?q=place_id:ChIJq3PQEe7dXzQR8VwfG5-d-Jo",24.4510142,124.1437196,Nature
Kadowaki Suspension Bridge (門脇つり橋),"Nature Walks & Views · Ito, Shizuoka

Open in Google Maps: https://www.google.com/maps/place/?q=place_id:ChIJay2a61HbGWARRAme3LCLFEM",34.8905303,139.1387426,Nature
Kagoshima Furusato Yataimura (かごっまふるさと屋台村),"Food & Markets · Kagoshima, Kagoshima

Open in Google Maps: https://www.google.com/maps/place/?q=place_id:ChIJ-_amYkxnPjURjhK_0LsQdJk",31.583589499999995,130.5442134,Food markets
Kakunodate Samurai District,"Culture & History · Senboku, Akita

Open in Google Maps: https://www.google.com/maps/place/?q=place_id:ChIJCXDpY72bj18RIJrG6RIlrAk",39.59926180000001,140.5617163,Culture & history
Kamakura Great Buddha (Kotoku-in),"Culture & History · Kamakura, Kanagawa

Open in Google Maps: https://www.google.com/maps/place/?q=place_id:ChIJBbxJ3_JFGGARTO9rLbCTwx4",35.3168145,139.53574419999998,Culture & history
Kamakura Kokomae Station,"Anime · 1 Chome-1 Koshigoe, Kamakura · day trips

Open in Google Maps: https://www.google.com/maps/place/?q=place_id:ChIJIRZ85hZPGGARffzavFo4QRk",35.3067242,139.5005569,Anime
Kamikochi Valley Walk,"Nature & Water · Kamikochi (Matsumoto), Nagano

Open in Google Maps: https://www.google.com/maps/place/?q=place_id:ChIJC8XxEJAOHWARBzhcrx9Cbpo",36.2487537,137.6380649,Nature
Kamo Aquarium (Jellyfish),"Animals & Aquariums · Tsuruoka, Yamagata · rainy day · with kids

Open in Google Maps: https://www.google.com/maps/place/?q=place_id:ChIJEeZzlGsXjF8RdxWTWpasRk0",38.761656599999995,139.7246678,Animals
Kanazawa Gold Leaf Workshop,"Crafts & Making · Kanazawa, Ishikawa

Open in Google Maps: https://www.google.com/maps/place/?q=place_id:ChIJM2xktQwz-F8RP5VFCn4rxZ4",36.5738331,136.66630809999998,Workshops & crafts
Kannami (Quiet countryside base),"Base Town · Kannami, Shizuoka

Open in Google Maps: https://www.google.com/maps/place/?q=place_id:ChIJnQNuqA6RGWAR9W4qxAlywSU",35.075829999999996,138.9256452,
Kappabashi Kitchen Town (合羽橋道具街),"Food & Markets · Taito, Tokyo

Open in Google Maps: https://www.google.com/maps/place/?q=place_id:ChIJXYV-6JWOGGAR85vIZbM1RCE",35.7105797,139.7879645,Food markets
Karato Market (唐戸市場),"Food & Markets · Shimonoseki, Yamaguchi

Open in Google Maps: https://www.google.com/maps/place/?q=place_id:ChIJNVeCCJ29QzURQrmJDMCxImw",33.9566087,130.945824,Food markets
Karoichi Tottori Port Seafood Market (かろいち),"Food & Markets · Tottori, Tottori

Open in Google Maps: https://www.google.com/maps/place/?q=place_id:ChIJy9CHbXuOVTUR9IuzbgO6er8",35.535071599999995,134.1797916,Food markets
Katsurahama Beach,"Nature & Water · Kochi City, Kochi

Open in Google Maps: https://www.google.com/maps/place/?q=place_id:ChIJwQDkipMbTjURZnGsPoV8rWE",33.4981837,133.5744254,Nature
Kawazu Seven Waterfalls (河津七滝),"Nature Walks & Views · Kawazu, Shizuoka

Open in Google Maps: https://www.google.com/maps/place/?q=place_id:ChIJA2PRs03kGWARI-J-uK8mCjQ",34.7957781,138.933771,Nature
Kawazu (Waterfalls + river base),"Base Town · Kawazu, Shizuoka

Open in Google Maps: https://www.google.com/maps/place/?q=place_id:ChIJA2PRs03kGWARI-J-uK8mCjQ",34.7957781,138.933771,
Kenrokuen Garden,"Culture & History · Kanazawa, Ishikawa

Open in Google Maps: https://www.google.com/maps/place/?q=place_id:ChIJBVmy-YMz-F8R5PID8D17Cpc",36.5621278,136.66265149999998,Culture & history
Kerama Islands Day Trip (snorkel beaches),"Nature & Water · Kerama Islands, Okinawa

Open in Google Maps: https://www.google.com/maps/place/?q=place_id:ChIJKdyhuThT5TQRCUo_opr74Xk",26.202004499999997,127.35741569999999,Nature
Kibi Plains Cycling,"Nature & Water · Okayama, Okayama

Open in Google Maps: https://www.google.com/maps/place/?q=place_id:ChIJpUTeDmZVUTURrmEWMcFPAf0",34.6666066,133.7827117,Nature
Kids Plaza Osaka,"Quirky & Interactive Museums · Osaka · rainy day · with kids

Open in Google Maps: https://www.google.com/maps/place/?q=place_id:ChIJEZamxsDmAGARdScVXFQanLU",34.7045728,135.5104418,Quirky museums
KidZania Tokyo,"Theme parks · Toyosu, Tokyo · with kids · rainy day

Open in Google Maps: https://www.google.com/maps/place/?q=place_id:ChIJReWVrZiJGGARpByTvPg66LU",35.6551508,139.79300830000003,Theme parks
Kijima Kogen Park (城島高原パーク),"Parks & Water Play · Beppu, Oita · with kids

Open in Google Maps: https://www.google.com/maps/place/?q=place_id:ChIJMcZsw0OvRjURr7x2AHd8FAM",33.2642753,131.4268067,Parks
Kinosaki Onsen,"Onsen & Ryokan Towns · Toyooka, Hyogo

Open in Google Maps: https://www.google.com/maps/place/?q=place_id:ChIJvzzwnzvI_18R7pmJyu_Wa8U",35.6241637,134.8131005,Onsen & ryokan
Kintaikyo Bridge,"Views & Sunsets · Iwakuni, Yamaguchi

Open in Google Maps: https://www.google.com/maps/place/?q=place_id:ChIJHWZuaz40RTURCJfwPHOzVGY",34.167595899999995,132.17841049999998,Scenic
Kirby Cafe Tokyo,"Anime · Sumida City, Oshiage · rainy day · with kids · day trips

Open in Google Maps: https://www.google.com/maps/place/?q=place_id:ChIJfTtIRNaOGGARNQmoAIgI-cQ",35.7103764,139.8119021,Anime
Kiyo Ceramics,"Workshops & crafts · 1-chōme-6-4 Iidabashi, Chiyoda City · rainy day · day trips

Open in Google Maps: https://www.google.com/maps/place/?q=place_id:ChIJRyE0a_eNGGARXFG5-28FWw4",35.6988182,139.74883029999998,Workshops & crafts
Kiyomizu-dera + Sannenzaka,"Culture & History · Higashiyama (Kyoto), Kyoto

Open in Google Maps: https://www.google.com/maps/place/?q=place_id:ChIJB_vchdMIAWARujTEUIZlr2I",34.9946662,135.784661,Culture & history
Kobe Animal Kingdom,"Animals & Aquariums · Kobe, Hyogo · with kids

Open in Google Maps: https://www.google.com/maps/place/?q=place_id:ChIJm-YWI_iRAGARxENoWS1l6gg",34.6546416,135.2225468,Animals
Kobe Nankinmachi (Chinatown) (神戸南京町),"Food & Markets · Kobe, Hyogo

Open in Google Maps: https://www.google.com/maps/place/?q=place_id:ChIJkaqwvf2OAGARARl_1gEYbx0",34.6882142,135.1881104,Food markets
Kochi Castle,"Culture & History · Kochi City, Kochi

Open in Google Maps: https://www.google.com/maps/place/?q=place_id:ChIJ_ZQBiCQZTjURDgmM1D29DRU",33.5608125,133.53148439999998,Culture & history
Koffee Mameya Kakeru,"Cafes · 2-chōme-16-14 Hirano, Koto City · rainy day · day trips

Open in Google Maps: https://www.google.com/maps/place/?q=place_id:ChIJ9f0aP7iJGGAR3BB7LqfZdhE",35.6764735,139.804184,Cafes
Komuroyama Park – Dinosaur Playground (小室山公園 恐竜広場),"Parks & Playgrounds · Ito, Shizuoka · with kids

Open in Google Maps: https://www.google.com/maps/place/?q=place_id:ChIJHcw7y5vEGWARB-X1fwcjdO8",34.9382502,139.1296744,Parks
Kujukushima Aquarium Umikirara,"Animals & Aquariums · Sasebo, Nagasaki · rainy day · with kids

Open in Google Maps: https://www.google.com/maps/place/?q=place_id:ChIJnXHjcxOVajURTGPwlJsdM7w",33.161446399999996,129.6790753,Animals
Kujupama Beach (九十浜海水浴場),"Beaches & Tidepooling · Shizuoka

Open in Google Maps: https://www.google.com/maps/place/?q=place_id:ChIJsXufm-BeF2ARXCYQxxLFYzM",34.666832299999996,138.9807238,Nature
Kumamoto Castle (select areas),"Culture & History · Kumamoto City, Kumamoto

Open in Google Maps: https://www.google.com/maps/place/?q=place_id:ChIJWco6Ag70QDURMOTNdshmi14",32.806185899999996,130.70583349999998,Culture & history
Kurashiki Bikan Historical Quarter,"Culture & History · Kurashiki, Okayama

Open in Google Maps: https://www.google.com/maps/place/?q=place_id:ChIJ1do4lkdWUTURvg3rFkFpzhE",34.5957392,133.77176509999998,Culture & history
Kure Taisho Town Market (久礼大正町市場),"Food & Markets · Nakatosa, Kochi

Open in Google Maps: https://www.google.com/maps/place/?q=place_id:ChIJ2cCunXJSTjURGxNNtLhPLbw",33.328921699999995,133.2305217,Food markets
Kurobe Gorge Railway,"Trains & Scenic Transport · Unazuki, Toyama · day trips

Open in Google Maps: https://www.google.com/maps/place/?q=place_id:ChIJPeNd9BWx918RumJrFmdmwgQ",36.8150304,137.58601,Scenic transport
Kurokawa Onsen,"Onsen & ryokan · Minamioguni, Aso District

Open in Google Maps: https://www.google.com/maps/place/?q=place_id:ChIJzUJBlOowQTURUBGnm484qQQ",33.0780191,131.14161360000003,Onsen & ryokan
Kurushima-Kaikyo Bridge (来島海峡大橋),"Cycling & Bridges · Imabari, Ehime

Open in Google Maps: https://www.google.com/maps/place/?q=place_id:ChIJadcZkSs4UDURmbe5WquqmQA",34.120739199999996,132.9993546,Nature
Kushiro Marsh Observatory,"Nature & Water · Kushiro, Hokkaido

Open in Google Maps: https://www.google.com/maps/place/?q=place_id:ChIJxzo5FBoVcl8R0qF4MDKNBYY",43.073932500000005,144.3205793,Nature
Kushiro Washo Market (釧路和商市場),"Food & Markets · Kushiro, Hokkaido

Open in Google Maps: https://www.google.com/maps/place/?q=place_id:ChIJSeSoNmM9cl8REDYZ-wvPmhE",42.9892463,144.3799285,Food markets
Kutani Kosen Kiln,"Workshops & crafts · 5-chōme-3-3 Nomachi, Kanazawa · rainy day · day trips

Open in Google Maps: https://www.google.com/maps/place/?q=place_id:ChIJB9Fwa2M0-F8RKXLue8jYaSc",36.5549269,136.6450199,Workshops & crafts
Kyoto Aquarium,"Animals & Aquariums · Kyoto, Kyoto · rainy day · with kids

Open in Google Maps: https://www.google.com/maps/place/?q=place_id:ChIJXdx4CxwGAWARWUbHqiTaF1Q",34.987516,135.7472123,Animals
Kyoto International Manga Museum,"Quirky museums · 452 Kinbukichō, Nakagyo Ward · rainy day · day trips

Open in Google Maps: https://www.google.com/maps/place/?q=place_id:ChIJh1qJf4YIAWARTAOFMHrSHvI",35.0118576,135.7594192,Quirky museums
Kyoto Ramen Factory,"Workshops & crafts · Kamigyo Ward, Kajiichō · rainy day · day trips

Open in Google Maps: https://www.google.com/maps/place/?q=place_id:ChIJGfOqPDYPAWARPS0Djk62LbM",35.028284899999996,135.7697598,Workshops & crafts
Kyoto Railway Museum,"Scenic transport · Umekoji, Kyoto · with kids · rainy day

Open in Google Maps: https://www.google.com/maps/place/?q=place_id:ChIJQ8KtRhcGAWAR7XnOmoj6n4k",34.987098599999996,135.7422732,Scenic transport
Lake Akan & Ainu Kotan,"Culture & History · Kushiro, Hokkaido

Open in Google Maps: https://www.google.com/maps/place/?q=place_id:ChIJmS0UWdqFcl8R7ZBVPtaMWkc",43.4336688,144.08984669999998,Culture & history
Lake Biwa Lakeside Day,"Nature & Water · Otsu (Lake Biwa), Shiga

Open in Google Maps: https://www.google.com/maps/place/?q=place_id:ChIJDQIi8Q12AWAR8Z7zuF49p_E",35.1399763,135.9954278,Nature
Lake Mashu Viewpoints,"Views & Sunsets · Teshikaga, Hokkaido

Open in Google Maps: https://www.google.com/maps/place/?q=place_id:ChIJM2NxnCJ3bV8RbgkPfY2ip10",43.556959899999995,144.50738819999998,Scenic
Lake Tazawa,"Nature & Water · Senboku, Akita

Open in Google Maps: https://www.google.com/maps/place/?q=place_id:ChIJjzSdMoKJj18RISzxuUubhMI",39.7168527,140.65448609999999,Nature
Lake Towada Shore / Boat,"Nature & Water · Lake Towada, Aomori/Akita

Open in Google Maps: https://www.google.com/maps/place/?q=place_id:ChIJTdUwriolm18RNruCIteMfY0",40.4266217,140.89272499999998,Nature
Lake Toya Lakeside Day,"Nature & Water · Toyako, Hokkaido

Open in Google Maps: https://www.google.com/maps/place/?q=place_id:ChIJOaTgV73in18RTqI7CzPeqsY",42.5658118,140.824614,Nature
Lalalala Sun Beach (らららサンビーチ),"Beaches & Tidepooling · Shizuoka

Open in Google Maps: https://www.google.com/maps/place/?q=place_id:ChIJ7YlXOOeNGWARJyyA0qywxxc",35.020235299999996,138.861402,Nature
LEGOLAND Japan,"Theme Parks & Big Attractions · Aichi · with kids

Open in Google Maps: https://www.google.com/maps/place/?q=place_id:ChIJzd5Pasd4A2ARRQZrV29qbmc",35.0506065,136.84382929999998,Theme parks
Makishi Public Market,"Food & Markets · Naha, Okinawa

Open in Google Maps: https://www.google.com/maps/place/?q=place_id:ChIJy1Zdsr9p5TQR2ET-2o69ZKg",26.214592699999997,127.68830129999999,Food markets
Marine World Uminonakamichi (マリンワールド海の中道),"Animals & Aquariums · Fukuoka, Fukuoka · with kids

Open in Google Maps: https://www.google.com/maps/place/?q=place_id:ChIJR4tIGrGNQTURRMLEZ9kNOr8",33.660851,130.36341299999998,Animals
Matsumoto Castle,"Culture & History · Matsumoto, Nagano

Open in Google Maps: https://www.google.com/maps/place/?q=place_id:ChIJmVmaCoUOHWARVPa8-iAOLZA",36.238653,137.96886740000002,Culture & history
Matsushima Bay Viewpoints,"Views & Sunsets · Matsushima, Miyagi

Open in Google Maps: https://www.google.com/maps/place/?q=place_id:ChIJjYCm07mbiV8RvGoyYCfUJpM",38.3665984,141.0769598,Scenic
Matsuyama Castle (ropeway option),"Culture & History · Matsuyama, Ehime

Open in Google Maps: https://www.google.com/maps/place/?q=place_id:ChIJAQAUDevlTzURxEU3PfUYWEM",33.8441496,132.7680609,Culture & history
Michi-no-Eki Tatara Shimanami Park (道の駅 多々羅しまなみ公園),"Cycling & Bridges · Near Tatara Bridge

Open in Google Maps: https://www.google.com/maps/place/?q=place_id:ChIJ44Y7yatPUDURLbGURhOtRUA",34.254162,133.0540416,Nature
Minami-Izu (South Izu base),"Base Town · Minamiizu, Shizuoka

Open in Google Maps: https://www.google.com/maps/place/?q=place_id:ChIJlzgjjGxXF2ARQIda5GbgkNY",34.6137468,138.85529689999998,
Mino Washi Paper Museum,"Workshops & crafts · Gifu · rainy day

Open in Google Maps: https://www.google.com/maps/place/?q=place_id:ChIJoZ3oA1v-AmARccn_p1cFTcw",35.5833651,136.87622679999998,Workshops & crafts
Mipig Cafe Harajuku,"Animals · Shibuya, Jingūmae · rainy day · with kids · day trips

Open in Google Maps: https://www.google.com/maps/place/?q=place_id:ChIJDzBSGG6NGGARP7IdmjMidgQ",35.6709916,139.7042806,Animals
Miraikan (National Museum of Emerging Science),"Quirky & Interactive Museums · Odaiba, Tokyo · rainy day · with kids

Open in Google Maps: https://www.google.com/maps/place/?q=place_id:ChIJz_149P6JGGARoImMn3NlsfY",35.619335899999996,139.7763995,Quirky museums
Miyajima Island,"Culture & History · Miyajima (Hatsukaichi), Hiroshima

Open in Google Maps: https://www.google.com/maps/place/?q=place_id:ChIJGcmNiM-2WjURAUMA7utiH8k",34.2732114,132.3052488,Culture & history
Moerenuma Park,"Nature & Water · Sapporo, Hokkaido

Open in Google Maps: https://www.google.com/maps/place/?q=place_id:ChIJo24_lq8vC18RcfiqGApcx1s",43.1231335,141.42665359999998,Nature
Mount Hakodate Ropeway,"Views & Sunsets · Hakodate, Hokkaido

Open in Google Maps: https://www.google.com/maps/place/?q=place_id:ChIJt5yVIgDznl8RTKy_QAbXGOg",41.7601192,140.7098071,Scenic
Mount Omuro / Omuroyama (大室山),"Nature Walks & Views · Ito, Shizuoka

Open in Google Maps: https://www.google.com/maps/place/?q=place_id:ChIJ9XwC8snDGWARbIQ4QBb5lzs",34.904176400000004,139.0962908,Nature
Mount Usu Ropeway,"Trains & Scenic Transport · Toyako, Hokkaido · day trips

Open in Google Maps: https://www.google.com/maps/place/?q=place_id:ChIJ2RnxURPin18R0KiGTOyTWE4",42.538891299999996,140.8602757,Scenic transport
Mt. Aso / Kusasenri,"Nature & Water · Aso, Kumamoto

Open in Google Maps: https://www.google.com/maps/place/?q=place_id:ChIJXathGaooQTURTo7Evdbc8_g",32.8818249,131.0533279,Nature
Muroto Geopark Coastline,"Nature & Water · Muroto, Kochi

Open in Google Maps: https://www.google.com/maps/place/?q=place_id:ChIJh1kIKUKJTTURPkAb9ArBeg4",33.2991376,134.1865226,Nature
Nabetahama Beach (鍋田浜),"Beaches & Tidepooling · Shimoda, Shizuoka

Open in Google Maps: https://www.google.com/maps/place/?q=place_id:ChIJgVhfhetYF2ARu0ZcKltqpQ8",34.6668252,138.93596499999998,Nature
Nachi Falls,"Nature & Water · Nachi-Katsuura, Wakayama

Open in Google Maps: https://www.google.com/maps/place/?q=place_id:ChIJ-Z5J5fM_BmARNg5zbIxDfNc",33.6753396,135.8876081,Nature
Nagahama Kaihin Park (長浜海浜公園),"Beaches & Tidepooling · Atami, Shizuoka

Open in Google Maps: https://www.google.com/maps/place/?q=place_id:ChIJX5tGgr2_GWARLwhYF7d7XGo",35.0561852,139.0690894,Nature
Nagasaki Penguin Aquarium,"Animals & Aquariums · Nagasaki City, Nagasaki · rainy day · with kids

Open in Google Maps: https://www.google.com/maps/place/?q=place_id:ChIJk2sjlOaqajURPi5soRvA8HU",32.7581537,129.9467149,Animals
Nagasaki Shinchi Chinatown (長崎新地中華街),"Food & Markets · Nagasaki, Nagasaki

Open in Google Maps: https://www.google.com/maps/place/?q=place_id:ChIJK3MfoRVTFTURFhFVj6JIlxE",32.741458699999995,129.8752789,Food markets
Nago Pineapple Park,"Theme Parks & Big Attractions · Okinawa · with kids

Open in Google Maps: https://www.google.com/maps/place/?q=place_id:ChIJpRkTRFL_5DQRaoYquVrISOQ",26.6164971,127.96957439999998,Theme parks
Nakano Broadway,"Anime · 5-chōme-52-15 Nakano, Nakano City · rainy day · day trips

Open in Google Maps: https://www.google.com/maps/place/?q=place_id:ChIJe68Dxs7zGGARjszCU53Vjyc",35.708968899999995,139.6657328,Anime
Nakasendo: Magome ↔ Tsumago (short hike),"Nature & Water · Magome/Tsumago, Gifu/Nagano

Open in Google Maps: https://www.google.com/maps/place/?q=place_id:ChIJl1fcAgu3HGARkzNZ78UlU5U",35.5392066,137.58459639999998,Nature
Naoshima Art Island (selected stops),"Quirky & Interactive Museums · Naoshima, Kagawa · rainy day · with kids

Open in Google Maps: https://www.google.com/maps/place/?q=place_id:ChIJG0bnqsXxUzURUV5v_8gDT_w",34.460445299999996,133.9758924,Quirky museums
Nara Park Deer,"Animals · Nara · with kids

Open in Google Maps: https://www.google.com/maps/place/?q=place_id:ChIJYWCMvZY5AWARVnREV_OsbPk",34.685047,135.843012,Animals
Naruto Whirlpools (viewpoint or cruise),"Nature & Water · Naruto, Tokushima

Open in Google Maps: https://www.google.com/maps/place/?q=place_id:ChIJtc_GvRhhUzURD5YWECaI2dw",34.2367554,134.6479661,Nature
National Museum of Nature and Science,"Quirky & Interactive Museums · Taito, Tokyo · rainy day · with kids

Open in Google Maps: https://www.google.com/maps/place/?q=place_id:ChIJ8Vuh65yOGGARyj4L5IBFiIk",35.7164273,139.7763336,Quirky museums
Nebuta Warasse (festival museum),"Quirky & Interactive Museums · Aomori City, Aomori · rainy day · with kids

Open in Google Maps: https://www.google.com/maps/place/?q=place_id:ChIJgaL-zx-fm18RQjx7oW_kNcY",40.829495,140.7356284,Quirky museums
Nijigen no Mori (Awaji Island Anime Park),"Anime/Ghibli · Hyogo · with kids

Open in Google Maps: https://www.google.com/maps/place/?q=place_id:ChIJ5X7wRrDTVDUR8i4U0mPRrqI",34.575173,135.00075099999998,Anime
Nikko Toshogu Shrine,"Culture & History · Nikko, Tochigi

Open in Google Maps: https://www.google.com/maps/place/?q=place_id:ChIJNSAhU8WmH2ARlA7wenFbUKs",36.7580878,139.5987466,Culture & history
Nintendo Tokyo,"Anime · Shibuya, Udagawachō · rainy day · with kids · day trips

Open in Google Maps: https://www.google.com/maps/place/?q=place_id:ChIJ7Su1FK6NGGARAr7UK5NjmMo",35.6621161,139.6986385,Anime
Nishi-Izu (West Izu base),"Base Town · Nishiizu, Shizuoka

Open in Google Maps: https://www.google.com/maps/place/?q=place_id:ChIJrwQEdQDrGWARBVcGUbZ4e3o",34.9648372,138.97210270000002,
Nishiki Market Snack Crawl,"Food & Markets · Kyoto, Kyoto

Open in Google Maps: https://www.google.com/maps/place/?q=place_id:ChIJT8uMzZwIAWARnGzsARCjnrY",35.0050258,135.764723,Food markets
Nishimuraya Honkan,"Onsen & ryokan · 469 Kinosakichō Yushima, Toyooka

Open in Google Maps: https://www.google.com/maps/place/?q=place_id:ChIJXSuMMzfI_18RNkmy3ZthqYs",35.62535,134.8056167,Onsen & ryokan
Nishiyama Onsen Keiunkan,"Onsen & ryokan · Hayakawa, Minamikoma District

Open in Google Maps: https://www.google.com/maps/place/?q=place_id:ChIJkdjiGHGJG2ARPPkZ6cNlRss",35.5543499,138.3060726,Onsen & ryokan
Noboribetsu Onsen & Hell Valley,"Onsen & Ryokan Towns · Noboribetsu, Hokkaido

Open in Google Maps: https://www.google.com/maps/place/?q=place_id:ChIJ___jisJmdV8RzL7_3Cqwtcc",42.4976231,141.1486603,Onsen & ryokan
Notoya Ryokan,"Onsen & ryokan · 446 Ginzanshinhata, Obanazawa

Open in Google Maps: https://www.google.com/maps/place/?q=place_id:ChIJO1R1attdiV8R_M7rXnfErLE",38.5691334,140.53151929999999,Onsen & ryokan
Numazu Deep Sea Aquarium (沼津港深海水族館),"Animals & Aquariums · Numazu, Shizuoka · rainy day · with kids

Open in Google Maps: https://www.google.com/maps/place/?q=place_id:ChIJ2URMZJOPGWAR_PWYnox9Dk8",35.0840434,138.8581967,Animals
Numazu (Port town base),"Base Town · Numazu, Shizuoka

Open in Google Maps: https://www.google.com/maps/place/?q=place_id:ChIJcyN-spaPGWARdi3UXsAwqh0",35.0817428,138.8541905,
Nunobiki Ropeway & Herb Gardens,"Trains & Scenic Transport · Kobe, Hyogo · day trips

Open in Google Maps: https://www.google.com/maps/place/?q=place_id:ChIJWapiVtGOAGARVY9nvX-kXII",34.70442750000001,135.1938755,Scenic transport
Nyuto Onsenkyo,"Onsen & ryokan · Komagatake-2-1 Tazawako Obonai, Semboku

Open in Google Maps: https://www.google.com/maps/place/?q=place_id:ChIJW1aBvZRmhV8REQV0GMFHXms",39.800895499999996,140.7947045,Onsen & ryokan
Oboke Gorge Boat,"Nature & Water · Miyoshi, Tokushima

Open in Google Maps: https://www.google.com/maps/place/?q=place_id:ChIJoeoG_UyKUTUR9FZd03d6LhQ",33.885842499999995,133.7607433,Nature
Odawara Wanpaku Land (小田原わんぱくらんど),"Parks & Playgrounds · Odawara, Kanagawa · with kids

Open in Google Maps: https://www.google.com/maps/place/?q=place_id:ChIJOyehj3OkGWARRpHTbGAOBTc",35.259633,139.127578,Parks
Ohori Park,"Nature & Water · Fukuoka City, Fukuoka

Open in Google Maps: https://www.google.com/maps/place/?q=place_id:ChIJx6TbjMyTQTURmPdN7915780",33.586206499999996,130.3764646,Nature
Oirase Gorge,"Nature & Water · Towada, Aomori

Open in Google Maps: https://www.google.com/maps/place/?q=place_id:ChIJeXTDrw09m18RGrz8MCSK66s",40.489961799999996,140.9525486,Nature
Okayama Korakuen Garden,"Culture & History · Okayama City, Okayama

Open in Google Maps: https://www.google.com/maps/place/?q=place_id:ChIJhwt8jCQGVDURabQ6FPH0nXQ",34.667333899999996,133.93617,Culture & history
Okayama Wholesale Market Fuku Fuku Dori (市場ふくふく通り),"Food & Markets · Okayama, Okayama

Open in Google Maps: https://www.google.com/maps/place/?q=place_id:ChIJ45xhZfb3UzURUUWaz5eRrtk",34.6020812,133.9454131,Food markets
Okinawa Churaumi Aquarium,"Animals & Aquariums · Motobu, Okinawa · rainy day · with kids

Open in Google Maps: https://www.google.com/maps/place/?q=place_id:ChIJPZ5hUjH65DQR_p_dD3CmCOo",26.694338,127.87801309999999,Animals
Okinawa World & Gyokusendo Cave,"Nature & Water · Nanjo, Okinawa

Open in Google Maps: https://www.google.com/maps/place/?q=place_id:ChIJa3ifUYVp5TQR3QZD1tyLml4",26.1403423,127.74943440000001,Nature
Okonomimura (お好み村),"Food & Markets · Hiroshima, Hiroshima

Open in Google Maps: https://www.google.com/maps/place/?q=place_id:ChIJ8wsenQ-iWjUR1opIxHCTeBM",34.3914342,132.4619014,Food markets
Okunoshima Rabbit Island,"Animals & Aquariums · Okunoshima (Takehara), Hiroshima · with kids

Open in Google Maps: https://www.google.com/maps/place/?q=place_id:ChIJRUPQRzBFUDUR-hRMoOlnxkg",34.309059999999995,132.9939774,Animals
Omicho Market,"Food & Markets · Kanazawa, Ishikawa

Open in Google Maps: https://www.google.com/maps/place/?q=place_id:ChIJ0xPT93Az-F8RpTSlbHwo9L8",36.5717335,136.6558651,Food markets
Omoide Yokocho (思い出横丁),"Food & Markets · Shinjuku, Tokyo

Open in Google Maps: https://www.google.com/maps/place/?q=place_id:ChIJP9eKBdeMGGAR0zzBXJNVj5A",35.6927011,139.6995778,Food markets
Onibus Coffee Nakameguro,"Cafes · 2-chōme-14-1 Kamimeguro, Meguro City · rainy day · day trips

Open in Google Maps: https://www.google.com/maps/place/?q=place_id:ChIJvXUZEEmLGGARlC39ZdeJ06Q",35.6431767,139.6980318,Cafes
Onomichi (尾道) – waterfront town base,"Base Town · Onomichi, Hiroshima

Open in Google Maps: https://www.google.com/maps/place/?q=place_id:ChIJOywXJcEBUTUREa0jZ0SgbZU",34.4053651,133.1956935,
Onuma Quasi-National Park,"Nature & Water · Onuma (Nanae), Hokkaido

Open in Google Maps: https://www.google.com/maps/place/?q=place_id:ChIJVfOEWFpUnl8RTa_2CElTIHg",41.9838473,140.6721442,Nature
Osaka Aquarium Kaiyukan,"Animals · Osaka · with kids · rainy day

Open in Google Maps: https://www.google.com/maps/place/?q=place_id:ChIJzakNjPToAGARzCwIriDFg28",34.6545182,135.4289645,Animals
Osaka Science Museum,"Quirky & Interactive Museums · Osaka, Osaka · rainy day · with kids

Open in Google Maps: https://www.google.com/maps/place/?q=place_id:ChIJrVid0PbmAGARVvoeAwYmgg4",34.691227999999995,135.4915442,Quirky museums
Oshino Hakkai Springs,"Nature & Water · Oshino, Yamanashi

Open in Google Maps: https://www.google.com/maps/place/?q=place_id:ChIJK4SZn4VmGWARcZ-vsGukOhY",35.4600675,138.8324741,Nature
Otaru Aquarium,"Animals & Aquariums · Otaru, Hokkaido · rainy day · with kids

Open in Google Maps: https://www.google.com/maps/place/?q=place_id:ChIJhSqlPAUeC18RURQ2LaIFswE",43.2369305,141.0119143,Animals
Otaru Canal + Glass Shops,"Crafts & Making · Otaru, Hokkaido

Open in Google Maps: https://www.google.com/maps/place/?q=place_id:ChIJX-RJpWDhCl8RFx-z5lpGIOg",43.1961528,141.0029009,Workshops & crafts
Otaru Sankaku Market (小樽三角市場),"Food & Markets · Otaru, Hokkaido

Open in Google Maps: https://www.google.com/maps/place/?q=place_id:ChIJ52td3KzhCl8RckhF7-d8tv0",43.199035599999995,140.99392699999999,Food markets
Ouchi-juku Post Town,"Culture & History · Shimogo, Fukushima

Open in Google Maps: https://www.google.com/maps/place/?q=place_id:ChIJsRZu4rH8H2ARMPL0O-FTKWI",37.334196399999996,139.8606982,Culture & history
Oyama Dam Attack on Titan Statues,"Anime · Oyamamachi Nishioyama, Hita

Open in Google Maps: https://www.google.com/maps/place/?q=place_id:ChIJKYx8__MVQTURjLCIm7OPdbw",33.2434582,130.95747649999998,Anime
"Peace Memorial Park (optional, parent-led)","Culture & History · Itoman, Okinawa

Open in Google Maps: https://www.google.com/maps/place/?q=place_id:ChIJaaiFx39m5TQR_3vrJCFiQS8",26.0951187,127.7234728,Culture & history
Pier Bandai (ピアBandai),"Food & Markets · Niigata, Niigata

Open in Google Maps: https://www.google.com/maps/place/?q=place_id:ChIJZfm-3x_K9F8RCjzBytLjCC0",37.923339399999996,139.061446,Food markets
Pokémon Center MEGA TOKYO,"Anime/Ghibli · Tokyo · with kids

Open in Google Maps: https://www.google.com/maps/place/?q=place_id:ChIJJWdNBG-NGGARVcT12Z5mXFw",35.7289056,139.7193245,Anime
Pokemon Cafe Nihonbashi,"Anime · Nihonbashi, Tokyo · in renovation through Jun 17, 2026 · rainy day · with kids · day trips

Open in Google Maps: https://www.google.com/maps/place/?q=place_id:ChIJT5kFjFeJGGARJYhFoKi3lEE",35.6806385,139.7744332,Anime
Pokemon Center Shibuya,"Anime · Shibuya, Udagawachō · rainy day · with kids · day trips

Open in Google Maps: https://www.google.com/maps/place/?q=place_id:ChIJ313pNISNGGARmnrx-nT6xR4",35.6619557,139.6984408,Anime
Pokemon Center Tokyo DX,"Anime · Chuo City, Nihonbashi · rainy day · with kids · day trips

Open in Google Maps: https://www.google.com/maps/place/?q=place_id:ChIJCVAO3leJGGARvCoZ_hJkye4",35.6802902,139.7742695,Anime
Ritsurin Garden,"Culture & History · Takamatsu, Kagawa

Open in Google Maps: https://www.google.com/maps/place/?q=place_id:ChIJUc4SILrrUzURFEFMQod9v7g",34.3299036,134.0457696,Culture & history
Rusutsu Resort (Summer & Winter),"Theme Parks & Big Attractions · Hokkaido · with kids

Open in Google Maps: https://www.google.com/maps/place/?q=place_id:ChIJJVMW7yxNdV8RIJXVU_M_MbA",42.75152,140.90238789999998,Theme parks
Ryugu Cave (龍宮窟),"Sea Caves & Coastal Features · Shizuoka

Open in Google Maps: https://www.google.com/maps/place/?q=place_id:ChIJ67Pk1KxZF2ARssLlwVpSghM",34.6420928,138.9155638,Nature
Ryusendo Cave,"Nature & Water · Iwaizumi, Iwate

Open in Google Maps: https://www.google.com/maps/place/?q=place_id:ChIJM_oXceNThF8Rfx5x6SSn9vc",39.8601009,141.7969943,Nature
Sagano Romantic Train,"Trains & Scenic Transport · Arashiyama (Kyoto), Kyoto · day trips

Open in Google Maps: https://www.google.com/maps/place/?q=place_id:ChIJyXwHws6rAWARYpAcQutOm0Q",35.0278596,135.64941109999998,Scenic transport
Sakaemachi Market (栄町市場),"Food & Markets · Naha, Okinawa

Open in Google Maps: https://www.google.com/maps/place/?q=place_id:ChIJAQDsBmRp5TQR9e89nmOJv8g",26.2172749,127.6967472,Food markets
Sakurajima Volcano Views (ferry optional),"Nature & Water · Kagoshima City, Kagoshima

Open in Google Maps: https://www.google.com/maps/place/?q=place_id:ChIJ_cSQpRpfPjURr340mY8PwDk",31.596636399999998,130.5633326,Nature
Sakuranobaba Josaien (桜の馬場 城彩苑),"Food & Markets · Kumamoto, Kumamoto

Open in Google Maps: https://www.google.com/maps/place/?q=place_id:ChIJVVWF5hL0QDURK6OuEjMkKjw",32.803671099999995,130.70375579999998,Food markets
Samurai & Ninja Museum with Experience (Kyoto),"Quirky & Interactive Museums · Kyoto (Nakagyo Ward area) · rainy day · with kids

Open in Google Maps: https://www.google.com/maps/place/?q=place_id:ChIJlw9RTjUJAWARdy4b2T6Zt-M",35.0072167,135.7635673,Quirky museums
Sandankyo Gorge,"Nature & Water · Akiota, Hiroshima

Open in Google Maps: https://www.google.com/maps/place/?q=place_id:ChIJlfHLou3sWjURueGpDUSYDfs",34.5997949,132.2076868,Nature
Sangenjaya & Chazawa-dori,"Scenic · Setagaya, Tokyo

Open in Google Maps: https://www.google.com/maps/place/?q=place_id:ChIJ-R4jJ5n0GGAR5j_HSqAxKcw",35.641253899999995,139.667531,Scenic
Sankeien Garden,"Culture & History · Yokohama, Kanagawa

Open in Google Maps: https://www.google.com/maps/place/?q=place_id:ChIJo1uokdFCGGARYvl6Z6AcVTU",35.4170511,139.6588267,Culture & history
Sanrio Puroland,"Theme Parks & Big Attractions · Tokyo · with kids

Open in Google Maps: https://www.google.com/maps/place/?q=place_id:ChIJgdAaIkvjGGARVWgIVEarqvA",35.624511999999996,139.429293,Theme parks
Sanshiro Island Tombolo (三四郎島トンボロ),"Sea Caves & Coastal Features · Shizuoka

Open in Google Maps: https://www.google.com/maps/place/?q=place_id:ChIJzdf-ZaD3GWARDquQVaGp0Hk",34.784706,138.761806,Nature
Sapporo Curb Market (Jogai) (札幌場外市場),"Food & Markets · Sapporo, Hokkaido

Open in Google Maps: https://www.google.com/maps/place/?q=place_id:ChIJNaAFxLEpC18R9zvo9EuU_K0",43.0707242,141.32077089999999,Food markets
Sapporo Maruyama Zoo,"Animals & Aquariums · Sapporo, Hokkaido · with kids

Open in Google Maps: https://www.google.com/maps/place/?q=place_id:ChIJIbbLfcMpC18RJo93WEZMsnQ",43.0515126,141.3078572,Animals
Sapporo Nijo Market (二条市場),"Food & Markets · Sapporo, Hokkaido

Open in Google Maps: https://www.google.com/maps/place/?q=place_id:ChIJCb2qW4IpC18R93EsGNFraJI",43.058299,141.358446,Food markets
SCMaglev and Railway Park,"Trains & Scenic Transport · Nagoya, Aichi · day trips

Open in Google Maps: https://www.google.com/maps/place/?q=place_id:ChIJ9W5bFM94A2ARkrOUnGq06Ew",35.0491384,136.8509152,Scenic transport
Sefa-Utaki,"Culture & History · Nanjo, Okinawa

Open in Google Maps: https://www.google.com/maps/place/?q=place_id:ChIJ32ERcPJx5TQRGVMsDCjNVDk",26.1720664,127.8264735,Culture & history
Sekizenkan Kashoutei,"Onsen & ryokan · Nakanojo, Shima

Open in Google Maps: https://www.google.com/maps/place/?q=place_id:ChIJ7fPYIxILHmARtMSSs99Lv1E",36.6863394,138.77377909999998,Onsen & ryokan
Sendai Asaichi Morning Market (仙台朝市),"Food & Markets · Sendai, Miyagi

Open in Google Maps: https://www.google.com/maps/place/?q=place_id:ChIJvf-K7Bcoil8RVbSW1MxAdh8",38.258796,140.8786683,Food markets
Sendai Uminomori Aquarium,"Animals & Aquariums · Sendai, Miyagi · rainy day · with kids

Open in Google Maps: https://www.google.com/maps/place/?q=place_id:ChIJ40f74ZeIiV8RZGCwJF1jzVI",38.271152099999995,140.9807068,Animals
Sengan-en Garden,"Culture & History · Kagoshima City, Kagoshima

Open in Google Maps: https://www.google.com/maps/place/?q=place_id:ChIJ4X7e7l5ePjURPwj6UsWmblk",31.617414900000004,130.5771969,Culture & history
Senkoji Park & Ropeway (Onomichi),"Views & Sunsets · Onomichi, Hiroshima

Open in Google Maps: https://www.google.com/maps/place/?q=place_id:ChIJlZyznbEBUTURa_LDseWXPeo",34.410564,133.19756289999998,Scenic
Setoda Sunset Beach (瀬戸田サンセットビーチ),"Beaches & Islands · Onomichi, Hiroshima

Open in Google Maps: https://www.google.com/maps/place/?q=place_id:ChIJ0x8MUCdOUDUR9PhEd2yUBk0",34.2813358,133.0737412,Nature
Shibu Onsen,"Onsen & ryokan · Yamanouchi, Shimotakai District

Open in Google Maps: https://www.google.com/maps/place/?q=place_id:ChIJQyBBLIL0HWARtNenAnQzISA",36.7337019,138.4333586,Onsen & ryokan
Shibuya Nonbei Yokocho (渋谷のんべい横丁),"Food & Markets · Shibuya, Tokyo

Open in Google Maps: https://www.google.com/maps/place/?q=place_id:ChIJpwDSAViLGGARVaJ_WUwQrt8",35.6599499,139.70153299999998,Food markets
Shibuya Scramble Crossing,"Anime · 21 Udagawacho, Shibuya · day trips

Open in Google Maps: https://www.google.com/maps/place/?q=place_id:ChIJK9EM68qLGGARacmu4KJj5SA",35.659482,139.7005596,Anime
Shibuya Sky Observatory,"Views & Sunsets · Shibuya, Tokyo

Open in Google Maps: https://www.google.com/maps/place/?q=place_id:ChIJ4Rr2JWiLGGARcyRSHuZ-9G8",35.6586719,139.7019848,Scenic
Shibuya Tokyu Foodshow (渋谷 東急フードショー),"Food & Markets · Shibuya, Tokyo

Open in Google Maps: https://www.google.com/maps/place/?q=place_id:ChIJJWy_GFiLGGARit2CUty_Zi8",35.6581085,139.6986263,Food markets
Shibuya Yokocho (渋谷横丁),"Food & Markets · Shibuya, Tokyo

Open in Google Maps: https://www.google.com/maps/place/?q=place_id:ChIJnWLdoqqNGGARaPeXEXZtEHw",35.6606075,139.7017845,Food markets
Shigaraki Pottery Village,"Crafts & Making · Shigaraki, Shiga

Open in Google Maps: https://www.google.com/maps/place/?q=place_id:ChIJO6IWZUpdAWARRooKeC5WN2s",34.8856786,136.0588812,Workshops & crafts
Shimanami Kaido (2-day easy pace),"Nature & Water · Shimanami, Ehime/Hiroshima

Open in Google Maps: https://www.google.com/maps/place/?q=place_id:ChIJ1Zg9zaxPUDURJxwiPtsDATU",34.2575849,133.05014939999998,Nature
Shimanami Kaido (family cycling),"Nature & Water · Onomichi/Imabari, Hiroshima/Ehime

Open in Google Maps: https://www.google.com/maps/place/?q=place_id:ChIJTeathJ4BUTURoCq6R2U16nU",34.3974731,133.1978288,Nature
Shimane Aquarium Aquas,"Animals & Aquariums · Hamada, Shimane · rainy day · with kids

Open in Google Maps: https://www.google.com/maps/place/?q=place_id:ChIJfQ8qpEVbWjURYy3hwrcz_xw",34.959457799999996,132.14463419999998,Animals
Shimanto River Day,"Nature & Water · Shimanto, Kochi

Open in Google Maps: https://www.google.com/maps/place/?q=place_id:ChIJ790KIARBTzURl9ZossTYPnY",33.0377625,132.8399273,Nature
Shimoda Dolphin Beach (ドルフィンビーチ),"Animals & Aquariums · Shimoda, Shizuoka · with kids

Open in Google Maps: https://www.google.com/maps/place/?q=place_id:ChIJdSRGmsRYF2ARZVllSzEwziw",34.6647631,138.9464169,Animals
Shimoda Floating Aquarium (下田海中水族館),"Animals & Aquariums · Shimoda, Shizuoka · rainy day · with kids

Open in Google Maps: https://www.google.com/maps/place/?q=place_id:ChIJYSJEmsRYF2ARnKI4K0SgHrc",34.66609,138.945952,Animals
Shimoda (Beach town base),"Base Town · Shimoda, Shizuoka

Open in Google Maps: https://www.google.com/maps/place/?q=place_id:ChIJa82vr-9YF2ARX6piZqa8hbw",34.6608977,138.9319856,
Shin-Yokohama Ramen Museum,"Food & Markets · Yokohama, Kanagawa

Open in Google Maps: https://www.google.com/maps/place/?q=place_id:ChIJNSoA_dNeGGARjAJl8smPb4w",35.5099291,139.61462559999998,Food markets
Shinhotaka Ropeway,"Trains & Scenic Transport · Okuhida, Gifu · day trips

Open in Google Maps: https://www.google.com/maps/place/?q=place_id:ChIJLUAe875PHWARkR1e5ffwR9k",36.2857919,137.5752622,Scenic transport
Shinsaibashi-Suji Shopping Street (心斎橋筋商店街),"Food & Markets · Osaka, Osaka

Open in Google Maps: https://www.google.com/maps/place/?q=place_id:ChIJc7M3_BPnAGARI8OZlTnEXGI",34.670867699999995,135.5013862,Food markets
Shinsekai Janjan Yokocho (新世界ジャンジャン横丁),"Food & Markets · Osaka, Osaka

Open in Google Maps: https://www.google.com/maps/place/?q=place_id:ChIJ-5_CtYrdAGARtbanSXYA76Y",34.6492448,135.5059526,Food markets
Shiosai Hiroba (伊東市しおさい広場),"Parks & Playgrounds · 湯川571-3, Ito, Shizuoka · with kids

Open in Google Maps: https://www.google.com/maps/place/?q=place_id:ChIJVVVVpG3BGWARdQ7AtllFbxA",34.9888702,139.0935538,Parks
Shirakawa-go Gassho Village,"Culture & History · Shirakawa, Gifu

Open in Google Maps: https://www.google.com/maps/place/?q=place_id:ChIJ5yW_trBx-F8R-AVYnbtRxcw",36.2577967,136.9061975,Culture & history
Shiretoko Five Lakes,"Nature & Water · Shiretoko (Shari), Hokkaido

Open in Google Maps: https://www.google.com/maps/place/?q=place_id:ChIJTVxpoUDHbF8Rh0ickOUF4Uw",44.1239681,145.08285809999998,Nature
Shiro-Hige's Cream Puff Factory,"Anime · Setagaya City, Daita · rainy day · with kids · day trips

Open in Google Maps: https://www.google.com/maps/place/?q=place_id:ChIJZQ_VzW3zGGARGG-hhLTFZYQ",35.6589646,139.6627349,Anime
Shirogane Blue Pond (Aoiike),"Nature & Water · Biei, Hokkaido

Open in Google Maps: https://www.google.com/maps/place/?q=place_id:ChIJbyoi3mLMDF8RnndLnx8YzQQ",43.4934738,142.61421439999998,Nature
Shiroi Koibito Park (Chocolate Factory),"Quirky & Interactive Museums · Sapporo, Hokkaido · rainy day · with kids

Open in Google Maps: https://www.google.com/maps/place/?q=place_id:ChIJU8vHZBIoC18RkQEK1Lg8HsI",43.088875099999996,141.2717042,Quirky museums
Shiroyone Senmaida Rice Terraces,"Views & Sunsets · Shiroyone (Wajima), Ishikawa

Open in Google Maps: https://www.google.com/maps/place/?q=place_id:ChIJzaTD0m8x8V8RM2pBpQutITc",37.4255423,136.9995074,Scenic
Shodoshima Olive Park,"Nature & Water · Shodoshima, Kagawa

Open in Google Maps: https://www.google.com/maps/place/?q=place_id:ChIJC-KIFXR4VDURasxl3L0o26M",34.4728411,134.2736368,Nature
Shukkeien Garden,"Nature & Water · Hiroshima City, Hiroshima

Open in Google Maps: https://www.google.com/maps/place/?q=place_id:ChIJAfBmWKmYWjUR42FdSpYghNc",34.4004834,132.4677207,Nature
Shuri Castle Park,"Culture & History · Naha, Okinawa

Open in Google Maps: https://www.google.com/maps/place/?q=place_id:ChIJZ9v0bP5r5TQRi0-esrqficA",26.217044899999998,127.71948330000001,Culture & history
Shuzenji (Onsen town base),"Base Town · Izu City, Shizuoka

Open in Google Maps: https://www.google.com/maps/place/?q=place_id:ChIJOwdW99DsGWARousj-05vNbQ",34.971454099999995,138.92755889999998,
Studio Circolo,"Workshops & crafts · 101 4-chōme-18-12 Todoroki, Setagaya City · rainy day · with kids · day trips

Open in Google Maps: https://www.google.com/maps/place/?q=place_id:ChIJ44frvuX1GGAR2jSXnX6quUc",35.6107357,139.6521838,Workshops & crafts
Suga Shrine,"Anime · Tokyo · day trips

Open in Google Maps: https://www.google.com/maps/place/?q=place_id:ChIJ8VLVBuTsGGARfIDGqQDmC0Q",35.6852851,139.7224783,Anime
Suginami Animation Museum,"Quirky museums · Suginami City, Kamiogi · rainy day · day trips

Open in Google Maps: https://www.google.com/maps/place/?q=place_id:ChIJHcI_OQruGGARM2ZKib1iU8s",35.7105716,139.60779399999998,Quirky museums
Sunamachi Ginza,"Food markets · Koto, Tokyo

Open in Google Maps: https://www.google.com/maps/place/?q=place_id:ChIJ21-KO_GIGGARe_2HJ62lBDE",35.6797033,139.8313365,Food markets
Sunshine Aquarium,"Animals · Ikebukuro, Tokyo · with kids · rainy day

Open in Google Maps: https://www.google.com/maps/place/?q=place_id:ChIJhT_wQW-NGGARyeOCR2L-W-I",35.7289254,139.72015729999998,Animals
Takachiho (高千穂) – gorge base,"Base Town · Takachiho, Miyazaki

Open in Google Maps: https://www.google.com/maps/place/?q=place_id:ChIJLwml_t0sRzURix_JnSldeVg",32.7012777,131.30072719999998,
Takachiho Gorge Boat Rental (高千穂峡 貸しボート),"Nature & Water · Takachiho, Miyazaki

Open in Google Maps: https://www.google.com/maps/place/?q=place_id:ChIJM6WQewAtRzURkYtC_b78Qb8",32.7013229,131.300299,Nature
Takachiho Gorge (viewpoints),"Nature & Water · Takachiho, Miyazaki

Open in Google Maps: https://www.google.com/maps/place/?q=place_id:ChIJLwml_t0sRzURix_JnSldeVg",32.7012777,131.30072719999998,Nature
Takachiho Kagura (高千穂夜神楽),"Culture & Night Show · Takachiho, Miyazaki

Open in Google Maps: https://www.google.com/maps/place/?q=place_id:ChIJ9dIrbegsRzURgI_KC2cRXu0",32.7067036,131.30227209999998,Culture & history
Takaragawa Onsen Osenkaku,"Onsen & ryokan · Minakami, Tone District

Open in Google Maps: https://www.google.com/maps/place/?q=place_id:ChIJ1RQ5vv09HmARxLIzTddSquc",36.847978499999996,139.0467912,Onsen & ryokan
Takasakiyama Monkey Park,"Animals & Aquariums · Oita City, Oita · with kids

Open in Google Maps: https://www.google.com/maps/place/?q=place_id:ChIJw3KzazihRjUR_yWyzPUlg_o",33.2582855,131.5328036,Animals
Takashimaya Kyoto (Depachika) (京都タカシマヤ),"Food & Markets · Kyoto, Kyoto

Open in Google Maps: https://www.google.com/maps/place/?q=place_id:ChIJwzqJepUIAWARvlUYqigZpJI",35.0031004,135.7684962,Food markets
Takashimaya Nihonbashi (Depachika) (高島屋日本橋店),"Food & Markets · Tokyo, Tokyo

Open in Google Maps: https://www.google.com/maps/place/?q=place_id:ChIJ__8Lhf2LGGARYj6XJNBik14",35.6808238,139.77343489999998,Food markets
Takashimaya Yokohama (Depachika) (横浜タカシマヤ),"Food & Markets · Yokohama, Kanagawa

Open in Google Maps: https://www.google.com/maps/place/?q=place_id:ChIJwf6cExJcGGARdqO6TRiIWaY",35.465637300000004,139.6207441,Food markets
Takayama Jinya-mae Morning Market (高山陣屋前朝市),"Food & Markets · Takayama, Gifu

Open in Google Maps: https://www.google.com/maps/place/?q=place_id:ChIJj29EXtm6AmARNsKdHGWF8I0",36.1396447,137.2582195,Food markets
Takayama Miyagawa Morning Market (宮川朝市),"Food & Markets · Takayama, Gifu

Open in Google Maps: https://www.google.com/maps/place/?q=place_id:ChIJE-ywz9a6AmAR1uD5rAwvJkw",36.144704,137.2579466,Food markets
Takayama Old Town & Markets,"Culture & History · Takayama, Gifu

Open in Google Maps: https://www.google.com/maps/place/?q=place_id:ChIJE-ywz9a6AmAR1uD5rAwvJkw",36.144704,137.2579466,Culture & history
Taketomi Island Village Cycling,"Culture & History · Taketomi, Okinawa

Open in Google Maps: https://www.google.com/maps/place/?q=place_id:ChIJpQilQ3l1YDQRXgi0srb83dU",24.3293981,124.08833319999998,Culture & history
Tanga Market (旦過市場),"Food & Markets · Kitakyushu, Fukuoka

Open in Google Maps: https://www.google.com/maps/place/?q=place_id:ChIJX06g5VK_QzUR6f9jhMmw_f4",33.88131130000001,130.87946309999998,Food markets
Tatara Bridge (多々羅大橋),"Cycling & Bridges · Shimanami Kaido, Hiroshima/Ehime

Open in Google Maps: https://www.google.com/maps/place/?q=place_id:ChIJkcFDkk5OUDURuBBx0z0jD8w",34.259778,133.0641938,Nature
Tateyama Kurobe Alpine Route,"Trains & Scenic Transport · Tateyama/Kurobe, Toyama/Nagano · day trips

Open in Google Maps: https://www.google.com/maps/place/?q=place_id:ChIJMS4fl9rn918Rqf0clj2pZT8",36.5829498,137.4457425,Scenic transport
teamLab Borderless Azabudai Hills,"Quirky museums · Azabudai Hills, Tokyo · rainy day

Open in Google Maps: https://www.google.com/maps/place/?q=place_id:ChIJQ5Sa1PqJGGARUSaNKKOrMVg",35.6620689,139.7432671,Quirky museums
teamLab Botanical Garden Osaka,"Quirky museums · Osaka · with kids · day trips

Open in Google Maps: https://www.google.com/maps/place/?q=place_id:ChIJv2BBVszdAGAR-6Cjxyh-sEQ",34.6110004,135.52042129999998,Quirky museums
teamLab Planets TOKYO,"Quirky & Interactive Museums · Toyosu, Tokyo · rainy day · with kids

Open in Google Maps: https://www.google.com/maps/place/?q=place_id:ChIJSeco5wiJGGARItbTS8lQ5G0",35.6491207,139.7897739,Quirky museums
teamLab Planets Toyosu,"Quirky museums · Toyosu, Tokyo · rainy day

Open in Google Maps: https://www.google.com/maps/place/?q=place_id:ChIJSeco5wiJGGARItbTS8lQ5G0",35.6491207,139.7897739,Quirky museums
Tensodo Cave / Skylight Cave (天窓洞),"Sea Caves & Coastal Features · Nishiizu, Shizuoka

Open in Google Maps: https://www.google.com/maps/place/?q=place_id:ChIJf0FkCHP3GWARWjRcnTo-1MM",34.7827086,138.7661468,Nature
Tezuka Osamu Manga Museum,"Quirky museums · Hyogo · rainy day · day trips

Open in Google Maps: https://www.google.com/maps/place/?q=place_id:ChIJNXYGVGj0AGARPs43EyeYMpU",34.8071314,135.3483309,Quirky museums
The Railway Museum,"Trains & Scenic Transport · Saitama (Omiya), Saitama · day trips

Open in Google Maps: https://www.google.com/maps/place/?q=place_id:ChIJkzQuFK3GGGARTgA4_Z3ySGY",35.921424699999996,139.6179197,Scenic transport
Todaiji Temple,"Culture & History · Nara, Nara

Open in Google Maps: https://www.google.com/maps/place/?q=place_id:ChIJ3XYIepA5AWARjzzVnT-skPg",34.6889851,135.8398158,Culture & history
Toei Animation Museum,"Quirky museums · 2-chōme-10-5 Higashiōizumi, Nerima City · rainy day · day trips

Open in Google Maps: https://www.google.com/maps/place/?q=place_id:ChIJB4MsVcPvGGARrFHRGp6WX-4",35.7524473,139.5946133,Quirky museums
Toei Kyoto Studio Park,"Theme Parks & Big Attractions · Kyoto · with kids

Open in Google Maps: https://www.google.com/maps/place/?q=place_id:ChIJufvfOHEHAWARZ5Yd1oEIuis",35.0164521,135.7080227,Theme parks
Togoshi Ginza,"Food markets · Shinagawa, Tokyo

Open in Google Maps: https://www.google.com/maps/place/?q=place_id:ChIJ03VrBuyKGGARb-6EtBOziqM",35.615271799999995,139.7168419,Food markets
Tokashiki: Aharen Beach,"Nature & Water · Tokashiki, Okinawa

Open in Google Maps: https://www.google.com/maps/place/?q=place_id:ChIJ0yycL4dT5TQRs7ZtozDCbtM",26.170110200000003,127.34592880000001,Nature
Tokyo Character Street,"Anime · Chiyoda City, Marunouchi · rainy day · with kids · day trips

Open in Google Maps: https://www.google.com/maps/place/?q=place_id:ChIJGeYlX_mLGGARx_4HVNDXOxA",35.682033499999996,139.7686549,Anime
Tokyo Disneyland,"Theme Parks & Big Attractions · Chiba · with kids

Open in Google Maps: https://www.google.com/maps/place/?q=place_id:ChIJszdHEQN9GGARy9MJ1TY22eQ",35.6328964,139.8803943,Theme parks
Tokyo DisneySea,"Theme Parks & Big Attractions · Chiba · with kids

Open in Google Maps: https://www.google.com/maps/place/?q=place_id:ChIJszdHEQN9GGARJS23SnAdR0E",35.6267108,139.8850779,Theme parks
Tokyo Ramen Street (東京ラーメンストリート),"Food & Markets · Tokyo, Tokyo

Open in Google Maps: https://www.google.com/maps/place/?q=place_id:ChIJGeYlX_mLGGARwsJahMe-XZg",35.6802935,139.7679568,Food markets
Tokyo Sea Life Park (Kasai Rinkai),"Animals & Aquariums · Edogawa, Tokyo · with kids

Open in Google Maps: https://www.google.com/maps/place/?q=place_id:ChIJ65T4s099GGARKhT05Ix6YuI",35.6398972,139.8621737,Animals
Tokyo Station Ekibenya Matsuri,"Food markets · Tokyo Station, Tokyo · rainy day · day trips

Open in Google Maps: https://www.google.com/maps/place/?q=place_id:ChIJtxODuv6LGGARA0RL4wD9Ggg",35.6811546,139.7667831,Food markets
Tottori Sand Dunes,"Nature & Water · Tottori City, Tottori

Open in Google Maps: https://www.google.com/maps/place/?q=place_id:ChIJbx8cHUSPVTURazEAdQKsetg",35.5416178,134.2286329,Nature
Tottori Sand Museum,"Quirky & Interactive Museums · Tottori City, Tottori · rainy day · with kids

Open in Google Maps: https://www.google.com/maps/place/?q=place_id:ChIJF2dbUUWPVTUR6USg6_DP8x4",35.5396253,134.2383683,Quirky museums
Toyama Glass Art Museum,"Quirky & Interactive Museums · Toyama City, Toyama · rainy day · with kids

Open in Google Maps: https://www.google.com/maps/place/?q=place_id:ChIJSU90xaaC918RX-cV13mPXwc",36.688415899999995,137.2151858,Quirky museums
Toyosu Senkyaku Banrai (豊洲 千客万来),"Food & Markets · Koto, Tokyo

Open in Google Maps: https://www.google.com/maps/place/?q=place_id:ChIJJ1XphGeJGGARK0BhX9lYd7Y",35.6457275,139.7836383,Food markets
Tropical Dream Center (plants),"Nature & Water · Motobu, Okinawa

Open in Google Maps: https://www.google.com/maps/place/?q=place_id:ChIJN_9EFDT65DQRI7UNtzvn-ow",26.687301599999998,127.8761315,Nature
Tsukiji Outer Market,"Food & Markets · Chuo, Tokyo

Open in Google Maps: https://www.google.com/maps/place/?q=place_id:ChIJW2cLzSGLGGARXAKXv6EkbqI",35.6647703,139.7702515,Food markets
Tsunoshima Bridge Viewpoint,"Views & Sunsets · Shimonoseki, Yamaguchi

Open in Google Maps: https://www.google.com/maps/place/?q=place_id:ChIJlyxJOY8TQzURdl2pDhhvhZQ",34.351236899999996,130.8892142,Scenic
Tsuruga Castle,"Culture & History · Aizuwakamatsu, Fukushima

Open in Google Maps: https://www.google.com/maps/place/?q=place_id:ChIJu_8vTpdU9V8Riy6BmrzAfGc",37.4878198,139.9296657,Culture & history
Tsurunoyu Onsen,"Onsen & Ryokan Towns · Nyuto Onsen, Akita

Open in Google Maps: https://www.google.com/maps/place/?q=place_id:ChIJMy_IqMJmhV8RwCaBe4s4WKo",39.805188799999996,140.7798893,Onsen & ryokan
Tsuwano (small castle town),"Culture & History · Tsuwano, Shimane

Open in Google Maps: https://www.google.com/maps/place/?q=place_id:ChIJQdoVl_YtWzURb7SH72QItZI",34.4599727,131.7641528,Culture & history
Uchiko Old Town,"Culture & History · Uchiko, Ehime

Open in Google Maps: https://www.google.com/maps/place/?q=place_id:ChIJPyH7PLqFTzURdh6TM38cnqU",33.5588959,132.6545557,Culture & history
Udatsu Townscape (Wakimachi),"Culture & History · Mima, Tokushima

Open in Google Maps: https://www.google.com/maps/place/?q=place_id:ChIJKV_89RC3UzURZVLxycVgy_I",34.0679352,134.1488579,Culture & history
Udo Jingu (cave shrine by the sea),"Culture & History · Nichinan, Miyazaki

Open in Google Maps: https://www.google.com/maps/place/?q=place_id:ChIJsZ9DS1naODURG8yz8QHnFYc",31.6504477,131.4666915,Culture & history
Udon Making Experience (Kagawa),"Crafts & Making · Takamatsu/Kotohira, Kagawa

Open in Google Maps: https://www.google.com/maps/place/?q=place_id:ChIJj-c7y1vWUzUREqaahc8LXnE",34.1869514,133.8181563,Workshops & crafts
Ueno Zoo,"Animals & Aquariums · Taito, Tokyo · with kids

Open in Google Maps: https://www.google.com/maps/place/?q=place_id:ChIJf2129yiMGGAR9I6Yoe-1uHY",35.716015299999995,139.77288199999998,Animals
Uminonakamichi Seaside Park (海の中道海浜公園),"Parks & Playgrounds · Fukuoka, Fukuoka · with kids

Open in Google Maps: https://www.google.com/maps/place/?q=place_id:ChIJaQp6H7KNQTURjzG7SoOP370",33.6642785,130.36159999999998,Parks
Umitamago Aquarium (うみたまご),"Animals & Aquariums · Oita, Oita · rainy day · with kids

Open in Google Maps: https://www.google.com/maps/place/?q=place_id:ChIJtWo9JTmhRjURWoOoSdM0xDk",33.2587409,131.53556340000003,Animals
Universal Studios Japan (USJ) & Super Nintendo World,"Theme Parks & Big Attractions · Osaka · with kids

Open in Google Maps: https://www.google.com/maps/place/?q=place_id:ChIJXeLVg9DgAGARqlIyMCX-BTY",34.6656768,135.4323185,Theme parks
Uradome Coast,"Nature & Water · Iwami, Tottori

Open in Google Maps: https://www.google.com/maps/place/?q=place_id:ChIJP1Q8wqeAVTURme2ZMsn8Q5c",35.590433499999996,134.325065,Nature
Uwajima Unyu Ferry (宇和島運輸フェリー),"Ferries / Transit · Uwajima (Ehime) ports

Open in Google Maps: https://www.google.com/maps/place/?q=place_id:ChIJTfAbmZmERTURrZSLeQ2UWpg",33.458450899999995,132.4154057,Scenic transport
Valley of Gangala (guided nature walk),"Nature & Water · Nanjo, Okinawa

Open in Google Maps: https://www.google.com/maps/place/?q=place_id:ChIJmamfTmlv5TQR1kOHmcbH0Ao",26.141889,127.7469057,Nature
Wajima Morning Market,"Food & Markets · Wajima, Ishikawa

Open in Google Maps: https://www.google.com/maps/place/?q=place_id:ChIJYRepQkUu8V8RE2LixJix7KI",37.3966543,136.9015461,Food markets
Walden Woods Kyoto,"Cafes · Shimogyo Ward, Kyoto · rainy day · day trips

Open in Google Maps: https://www.google.com/maps/place/?q=place_id:ChIJq6qXHbsIAWARjXEJ-LqoT_M",34.9933458,135.7631616,Cafes
Wanariya,"Workshops & crafts · Taito City, Senzoku · rainy day · with kids · day trips

Open in Google Maps: https://www.google.com/maps/place/?q=place_id:ChIJ11wUhpSOGGART_oWFFNe23Y",35.7184088,139.7910169,Workshops & crafts
Warner Bros. Studio Tour Tokyo – The Making of Harry Potter,"Quirky & Interactive Museums · Tokyo · rainy day · with kids

Open in Google Maps: https://www.google.com/maps/place/?q=place_id:ChIJZzjXkvLtGGARm2YFfi26zoU",35.745183,139.6460909,Quirky museums
Watashino,"Workshops & crafts · Taito City, Asakusa · rainy day · day trips

Open in Google Maps: https://www.google.com/maps/place/?q=place_id:ChIJi42CPqONGGARCVS5lELQeKI",35.7123194,139.7970131,Workshops & crafts
"Yakushima: Nagata Inakahama (sea turtles, seasonal)","Nature & Water · Yakushima, Kagoshima

Open in Google Maps: https://www.google.com/maps/place/?q=place_id:ChIJq4lOOgE9PTURhysN4ntEzgw",30.4065904,130.4331373,Nature
Yakushima: Shiratani Unsuikyo (short trails),"Nature & Water · Yakushima, Kagoshima

Open in Google Maps: https://www.google.com/maps/place/?q=place_id:ChIJ2d70aRUfPTURDlCRzuGnAps",30.379845899999996,130.5742337,Nature
Yamadera (Risshakuji),"Culture & History · Yamagata City, Yamagata

Open in Google Maps: https://www.google.com/maps/place/?q=place_id:ChIJeUV2g-_Oi18RwK-4JcNEe44",38.3131193,140.4346099,Culture & history
Yanagawa Canal Boat Ride,"Nature & Water · Yanagawa, Fukuoka

Open in Google Maps: https://www.google.com/maps/place/?q=place_id:ChIJocPJMDezQTURdgidcRRzCuo",33.1671516,130.4154015,Nature
Yanagibashi Central Market (Nagoya) (柳橋中央市場),"Food & Markets · Nagoya, Aichi

Open in Google Maps: https://www.google.com/maps/place/?q=place_id:ChIJO7D5qt52A2ARssqBgiIQo8E",35.1699909,136.8880404,Food markets
Yanagibashi Rengo Market (柳橋連合市場),"Food & Markets · Fukuoka, Fukuoka

Open in Google Maps: https://www.google.com/maps/place/?q=place_id:ChIJcRcfs5mRQTUR5D_YhnCAeBQ",33.5829794,130.4084273,Food markets
Yanaka Ginza,"Food markets · Taito, Tokyo

Open in Google Maps: https://www.google.com/maps/place/?q=place_id:ChIJPYwFnNGNGGARYEeXwiYQPe8",35.7276934,139.7657232,Food markets
Yawatahama–Beppu Ferry,"Ferries / Transit · Yawatahama (Ehime) / Beppu (Oita)

Open in Google Maps: https://www.google.com/maps/place/?q=place_id:ChIJh3Aao5mERTURbpBfpB6yDnQ",33.45769,132.417,Scenic transport
Yobuko Morning Market (呼子朝市),"Food & Markets · Karatsu, Saga

Open in Google Maps: https://www.google.com/maps/place/?q=place_id:ChIJjYAyMsxwajURKQptKrYCpdc",33.5370608,129.8950614,Food markets
Yokohama Chinatown (横浜中華街),"Food & Markets · Yokohama, Kanagawa

Open in Google Maps: https://www.google.com/maps/place/?q=place_id:ChIJ__-Le-9cGGARNY-CTSHwq5A",35.4430883,139.64410010000003,Food markets
Yufuin Onsen Town,"Onsen & Ryokan Towns · Yufuin, Oita

Open in Google Maps: https://www.google.com/maps/place/?q=place_id:ChIJ0ZDlF9qtRjURarRwoPcjsFA",33.2625917,131.3554211,Onsen & ryokan
Yufuin (湯布院) – onsen village base,"Base Town · Yufuin, Oita

Open in Google Maps: https://www.google.com/maps/place/?q=place_id:ChIJ12mIZDitRjUROpmBd0JLqD4",33.2516764,131.34345589999998,
Yumigahama Beach (弓ヶ浜),"Beaches & Tidepooling · Minamiizu, Shizuoka

Open in Google Maps: https://www.google.com/maps/place/?q=place_id:ChIJ8QUyQi1YF2ARMAxvQwQixUQ",34.6343362,138.8905379,Nature
Yunomine Onsen,"Onsen & ryokan · Hongucho Yunomine, Tanabe

Open in Google Maps: https://www.google.com/maps/place/?q=place_id:ChIJ01M0FgRaBmARiIXdso-utbw",33.8293126,135.7575886,Onsen & ryokan
Zamami: Furuzamami Beach,"Nature & Water · Zamami, Okinawa

Open in Google Maps: https://www.google.com/maps/place/?q=place_id:ChIJlQsE2tlS5TQRoeexVgFrjDY",26.2229863,127.308256,Nature
Zao Ropeway (summer),"Trains & Scenic Transport · Zao, Yamagata · day trips

Open in Google Maps: https://www.google.com/maps/place/?q=place_id:ChIJ9dVANwtLil8RLCyvTtj8TAU",38.161600899999996,140.3952205,Scenic transport
